Latitude,Longitude,Name,Description,Icon,ep_Circle,PolygonFillType
55.20592,-162.72625,ALEUTIANS EAST_01,AK,98,250,0
52.73715,174.09101,ALEUTIANS WEST_01,AK,98,250,1170
51.88358,-176.64248,ALEUTIANS WEST_02,AK,98,250,0
57.16631,-170.22256,ALEUTIANS WEST_03,AK,98,250,0
52.71226,174.11359,ALEUTIANS WEST_04,AK,98,250,0
61.17408,-149.99814,ANCHORAGE_01,AK,98,200,0
61.25296,-149.79369,ANCHORAGE_02,AK,98,250,0
61.27054,-149.63854,ANCHORAGE_03,AK,98,200,1060
61.22943,-149.78110,ANCHORAGE_04,AK,98,200,1060
61.23190,-149.87411,ANCHORAGE_05,AK,98,200,1060
61.24765,-149.72262,ANCHORAGE_06,AK,98,200,1060
58.67798,-156.65193,BRISTOL BAY_01,AK,98,250,0
64.30020,-149.18977,DENALI_01,AK,98,250,1170
64.66564,-147.10144,FAIRBANKS NORTH STAR_01,AK,98,250,0
64.81608,-147.86125,FAIRBANKS NORTH STAR_02,AK,98,200,0
64.83761,-147.61449,FAIRBANKS NORTH STAR_03,AK,98,200,0
58.30085,-134.40695,JUNEAU_01,AK,98,100,840
58.35471,-134.57847,JUNEAU_02,AK,98,100,0
60.68516,-151.36714,KENAI PENINSULA_01,AK,98,100,840
64.51073,-165.44474,NOME_01,AK,98,250,0
57.04683,-135.36107,SITKA_01,AK,98,250,0
63.96676,-145.71512,SOUTHEAST FAIRBANKS_01,AK,98,200,1060
33.73361,-85.78798,CALHOUN_01,AL,98,200,1060
33.63084,-85.94977,CALHOUN_02,AL,98,200,1060
32.79725,-86.56873,CHILTON_01,AL,98,100,840
31.36260,-85.84898,COFFEE_01,AL,98,200,1060
31.33306,-85.71300,DALE_01,AL,98,200,1060
31.32224,-85.45187,DALE_02,AL,98,200,0
31.27655,-85.71278,DALE_03,AL,98,200,1060
31.15714,-87.15448,ESCAMBIA_01,AL,98,200,0
31.22108,-85.11126,HOUSTON_01,AL,98,250,0
33.51711,-86.81249,JEFFERSON_01,AL,98,100,840
33.48017,-86.70583,JEFFERSON_02,AL,98,100,840
33.56886,-86.74725,JEFFERSON_03,AL,98,200,0
34.70417,-87.11505,LIMESTONE_01,AL,98,250,0
34.63719,-86.77506,MADISON_01,AL,98,200,1060
34.64469,-86.65751,MADISON_02,AL,98,200,1060
34.67865,-86.68478,MADISON_03,AL,98,200,0
34.72884,-86.68146,MADISON_04,AL,98,100,840
32.52017,-87.88030,MARENGO_01,AL,98,250,0
30.69142,-88.24283,MOBILE_01,AL,98,200,1060
30.94184,-88.01218,MOBILE_02,AL,98,100,840
30.68910,-88.04253,MOBILE_03,AL,98,100,840
30.78915,-88.05622,MOBILE_04,AL,98,100,840
32.40595,-86.25948,MONTGOMERY_01,AL,98,200,1060
32.37535,-86.30854,MONTGOMERY_02,AL,98,200,1060
32.38011,-86.36495,MONTGOMERY_03,AL,98,200,0
32.30071,-86.38991,MONTGOMERY_04,AL,98,200,0
33.20987,-88.28753,PICKENS_01,AL,98,250,0
33.19881,-87.60934,TUSCALOOSA_01,AL,98,100,840
31.26252,-88.00501,WASHINGTON_01,AL,98,100,840
35.52138,-91.99423,CLEBURNE_01,AR,98,250,0
34.57325,-93.19504,GARLAND_01,AR,98,250,0
34.32614,-92.08671,JEFFERSON_01,AR,98,200,1060
34.24058,-91.94847,JEFFERSON_02,AR,98,100,840
35.96433,-89.94394,MISSISSIPPI_01,AR,98,200,0
35.31166,-93.22938,POPE_01,AR,98,250,0
34.91751,-92.14500,PULASKI_01,AR,98,100,0
34.82976,-92.28587,PULASKI_02,AR,98,200,1060
34.74785,-92.27245,PULASKI_03,AR,98,100,840
35.33658,-94.36744,SEBASTIAN_01,AR,98,200,0
33.20038,-92.67521,UNION_01,AR,98,100,840
31.55635,-110.34880,COCHISE_01,AZ,98,200,1060
31.58847,-110.34439,COCHISE_02,AZ,98,200,0
36.93788,-111.48421,COCONINO_01,AZ,98,250,0
35.13133,-112.13478,COCONINO_02,AZ,98,100,0
33.30120,-111.84112,MARICOPA_01,AZ,98,100,840
33.45000,-112.07698,MARICOPA_02,AZ,98,200,1060
33.53497,-112.38320,MARICOPA_03,AZ,98,200,0
33.38779,-112.85671,MARICOPA_04,AZ,98,250,0
33.84706,-112.26608,MARICOPA_05,AZ,98,250,0
33.67164,-111.16125,MARICOPA_06,AZ,98,250,0
33.46647,-111.96918,MARICOPA_07,AZ,98,200,1060
33.42123,-111.85797,MARICOPA_08,AZ,98,200,1060
33.49475,-111.64071,MARICOPA_09,AZ,98,200,1060
32.88785,-112.71961,MARICOPA_10,AZ,98,200,0
33.43428,-112.01158,MARICOPA_11,AZ,98,200,0
33.46232,-111.90463,MARICOPA_12,AZ,98,100,840
33.53941,-112.18536,MARICOPA_13,AZ,98,100,840
33.65852,-111.95566,MARICOPA_14,AZ,98,100,840
33.49316,-111.92081,MARICOPA_15,AZ,98,100,840
33.42494,-111.93838,MARICOPA_16,AZ,98,100,840
33.47041,-111.72389,MARICOPA_17,AZ,98,100,840
33.33658,-111.95963,MARICOPA_18,AZ,98,100,840
35.25948,-113.93805,MOHAVE_01,AZ,98,100,0
32.22397,-110.96946,PIMA_01,AZ,98,200,1060
32.16636,-110.88317,PIMA_02,AZ,98,200,0
32.11608,-110.94102,PIMA_03,AZ,98,200,0
32.50983,-111.32533,PINAL_01,AZ,98,200,1060
32.65658,-114.60599,YUMA_01,AZ,98,200,0
37.80569,-122.31644,ALAMEDA_01,CA,98,100,840
37.80588,-122.26914,ALAMEDA_02,CA,98,250,1170
37.72125,-122.22114,ALAMEDA_03,CA,98,100,0
37.73205,-121.88097,ALAMEDA_04,CA,98,200,1060
37.68685,-121.70580,ALAMEDA_05,CA,98,200,1060
37.66132,-122.10650,ALAMEDA_06,CA,98,200,1060
37.54301,-122.01614,ALAMEDA_07,CA,98,200,1060
37.86946,-122.27089,ALAMEDA_08,CA,98,100,840
39.53782,-121.48422,BUTTE_01,CA,98,250,0
37.94897,-120.52434,CALAVERAS_01,CA,98,250,0
38.05508,-122.01041,CONTRA COSTA_01,CA,98,200,1060
37.94703,-122.39519,CONTRA COSTA_02,CA,98,100,840
37.93749,-122.34332,CONTRA COSTA_03,CA,98,100,840
38.02605,-122.06476,CONTRA COSTA_04,CA,98,100,0
38.04517,-122.25510,CONTRA COSTA_05,CA,98,100,840
38.01774,-122.11224,CONTRA COSTA_06,CA,98,100,840
36.83265,-119.32561,FRESNO_01,CA,98,250,0
36.77656,-119.71883,FRESNO_02,CA,98,200,0
36.82426,-119.69559,FRESNO_03,CA,98,100,840
36.73963,-119.78439,FRESNO_04,CA,98,100,840
32.82663,-115.66856,IMPERIAL_01,CA,98,200,0
35.05936,-118.15186,KERN_01,CA,98,100,0
34.90809,-117.88553,KERN_02,CA,98,200,0
35.64593,-118.48220,KERN_03,CA,98,250,0
35.37751,-119.01978,KERN_04,CA,98,200,1060
35.68570,-117.69211,KERN_05,CA,98,200,1060
36.33313,-119.95216,KINGS_01,CA,98,200,0
40.18462,-120.12919,LASSEN_01,CA,98,800,1690
40.26592,-120.15061,LASSEN_02,CA,98,200,0
33.91703,-118.38394,LOS ANGELES_01,CA,98,200,1060
33.81110,-118.23890,LOS ANGELES_02,CA,98,100,0
33.79493,-118.23482,LOS ANGELES_03,CA,98,100,840
33.77314,-118.28672,LOS ANGELES_04,CA,98,100,0
33.77881,-118.23689,LOS ANGELES_05,CA,98,100,840
34.18203,-118.30807,LOS ANGELES_06,CA,98,100,840
33.94041,-118.12881,LOS ANGELES_07,CA,98,100,840
34.07161,-118.02987,LOS ANGELES_08,CA,98,100,840
34.14666,-118.24824,LOS ANGELES_09,CA,98,100,840
33.96307,-118.35462,LOS ANGELES_10,CA,98,100,840
33.91580,-118.07152,LOS ANGELES_11,CA,98,100,840
34.14765,-118.14383,LOS ANGELES_12,CA,98,100,840
33.87503,-118.29023,LOS ANGELES_13,CA,98,100,840
33.83028,-118.13492,LOS ANGELES_14,CA,98,100,840
34.05083,-118.25294,LOS ANGELES_15,CA,98,800,1690
33.75463,-118.22168,LOS ANGELES_16,CA,98,100,840
33.94250,-118.40805,LOS ANGELES_17,CA,98,100,0
34.20981,-118.48997,LOS ANGELES_18,CA,98,100,0
34.52020,-118.60705,LOS ANGELES_19,CA,98,250,0
34.60339,-118.08363,LOS ANGELES_20,CA,98,100,840
34.15186,-118.45597,LOS ANGELES_21,CA,98,200,1060
34.02798,-118.47859,LOS ANGELES_22,CA,98,200,1060
34.62939,-118.08455,LOS ANGELES_23,CA,98,200,0
33.02275,-118.58849,LOS ANGELES_24,CA,98,200,0
34.07581,-118.38094,LOS ANGELES_25,CA,98,100,840
34.69892,-118.14536,LOS ANGELES_26,CA,98,100,840
34.04276,-118.70097,LOS ANGELES_27,CA,98,100,840
34.57805,-118.11588,LOS ANGELES_28,CA,98,100,840
34.05461,-117.75113,LOS ANGELES_29,CA,98,100,840
34.15710,-118.80010,LOS ANGELES_30,CA,98,100,840
34.17142,-118.59439,LOS ANGELES_31,CA,98,100,840
34.06534,-118.44613,LOS ANGELES_32,CA,98,100,840
33.85287,-118.33146,LOS ANGELES_33,CA,98,100,840
34.20069,-118.35867,LOS ANGELES_34,CA,98,100,0
34.23340,-118.58778,LOS ANGELES_35,CA,98,100,840
37.05816,-121.07449,MERCED_01,CA,98,250,0
37.38048,-120.56819,MERCED_02,CA,98,200,0
36.00078,-121.23555,MONTEREY_01,CA,98,200,1060
36.60325,-121.91211,MONTEREY_02,CA,98,200,1060
36.58695,-121.84278,MONTEREY_03,CA,98,200,0
36.67070,-121.63957,MONTEREY_04,CA,98,100,840
38.51351,-122.10463,NAPA_01,CA,98,250,0
33.83645,-117.91685,ORANGE_01,CA,98,100,840
33.66320,-117.90293,ORANGE_02,CA,98,100,840
33.74975,-117.87357,ORANGE_03,CA,98,100,840
33.67613,-117.86851,ORANGE_04,CA,98,100,0
33.75045,-118.06421,ORANGE_05,CA,98,200,1060
33.79034,-118.04926,ORANGE_06,CA,98,200,0
33.75460,-117.98825,ORANGE_07,CA,98,100,840
33.69193,-117.99800,ORANGE_08,CA,98,100,840
33.86139,-117.83029,ORANGE_09,CA,98,100,840
33.64930,-117.72278,ORANGE_10,CA,98,100,840
38.72698,-121.31013,PLACER_01,CA,98,100,0
38.86974,-121.39092,PLACER_02,CA,98,200,1060
40.17354,-121.09030,PLUMAS_01,CA,98,250,0
33.88287,-117.26096,RIVERSIDE_01,CA,98,200,0
33.92377,-117.56946,RIVERSIDE_02,CA,98,200,1060
33.87854,-117.54724,RIVERSIDE_03,CA,98,100,840
33.55995,-117.21042,RIVERSIDE_04,CA,98,100,840
33.98062,-117.37558,RIVERSIDE_05,CA,98,100,840
33.97371,-117.32806,RIVERSIDE_06,CA,98,100,840
33.82967,-116.50669,RIVERSIDE_07,CA,98,100,0
38.57897,-121.48674,SACRAMENTO_01,CA,98,200,1060
38.70769,-121.15670,SACRAMENTO_02,CA,98,250,0
38.34622,-121.12700,SACRAMENTO_03,CA,98,250,0
38.69544,-121.59078,SACRAMENTO_04,CA,98,100,0
38.66764,-121.40061,SACRAMENTO_05,CA,98,200,0
38.55531,-121.29721,SACRAMENTO_06,CA,98,100,0
34.06872,-117.53124,SAN BERNARDINO_01,CA,98,100,840
34.10212,-117.43512,SAN BERNARDINO_02,CA,98,100,840
34.10244,-117.29334,SAN BERNARDINO_03,CA,98,100,840
34.05600,-117.60119,SAN BERNARDINO_04,CA,98,100,0
34.59739,-117.38666,SAN BERNARDINO_05,CA,98,100,0
35.26118,-116.68642,SAN BERNARDINO_06,CA,98,200,1060
34.23645,-116.05972,SAN BERNARDINO_07,CA,98,200,1060
34.87638,-116.95069,SAN BERNARDINO_08,CA,98,200,1060
34.89478,-116.85059,SAN BERNARDINO_09,CA,98,200,1060
34.09536,-117.23489,SAN BERNARDINO_10,CA,98,100,0
34.23199,-117.23536,SAN BERNARDINO_11,CA,98,100,0
34.29611,-116.16210,SAN BERNARDINO_12,CA,98,200,1060
32.69588,-117.24581,SAN DIEGO_01,CA,98,200,1060
32.67570,-117.12301,SAN DIEGO_02,CA,98,200,1060
32.64073,-117.08532,SAN DIEGO_03,CA,98,100,840
32.81447,-116.96487,SAN DIEGO_04,CA,98,100,840
32.74772,-117.15872,SAN DIEGO_05,CA,98,100,840
32.86853,-117.14319,SAN DIEGO_06,CA,98,200,0
32.69820,-117.21311,SAN DIEGO_07,CA,98,200,0
33.37059,-117.55794,SAN DIEGO_08,CA,98,250,0
32.88428,-117.21661,SAN DIEGO_09,CA,98,200,1060
33.30126,-117.35517,SAN DIEGO_10,CA,98,200,0
33.16440,-117.34089,SAN DIEGO_11,CA,98,100,840
33.12277,-117.08318,SAN DIEGO_12,CA,98,100,840
33.19779,-117.37941,SAN DIEGO_13,CA,98,100,840
32.82168,-117.14155,SAN DIEGO_14,CA,98,100,840
32.93805,-117.02162,SAN DIEGO_15,CA,98,100,840
33.02131,-117.10460,SAN DIEGO_16,CA,98,100,840
37.78504,-122.39653,SAN FRANCISCO_01,CA,98,200,1060
37.95685,-121.28888,SAN JOAQUIN_01,CA,98,100,840
37.84113,-121.26885,SAN JOAQUIN_02,CA,98,200,1060
37.71582,-121.39150,SAN JOAQUIN_03,CA,98,200,1060
38.14163,-121.31737,SAN JOAQUIN_04,CA,98,200,1060
37.89441,-121.23874,SAN JOAQUIN_05,CA,98,200,0
35.21384,-120.85172,SAN LUIS OBISPO_01,CA,98,250,0
35.73642,-120.75538,SAN LUIS OBISPO_02,CA,98,200,1060
35.27685,-120.71942,SAN LUIS OBISPO_03,CA,98,200,0
35.11206,-120.62274,SAN LUIS OBISPO_04,CA,98,100,0
35.31265,-120.83157,SAN LUIS OBISPO_05,CA,98,100,0
37.69051,-122.47350,SAN MATEO_01,CA,98,100,840
37.54749,-122.31480,SAN MATEO_02,CA,98,100,840
37.61881,-122.37542,SAN MATEO_03,CA,98,100,0
34.73555,-120.54786,SANTA BARBARA_01,CA,98,200,1060
34.82444,-120.50370,SANTA BARBARA_02,CA,98,200,1060
34.75564,-120.62238,SANTA BARBARA_03,CA,98,200,1060
34.64015,-120.58945,SANTA BARBARA_04,CA,98,200,1060
34.63205,-120.61066,SANTA BARBARA_05,CA,98,200,1060
34.73959,-120.61914,SANTA BARBARA_06,CA,98,200,1060
34.58154,-120.62645,SANTA BARBARA_07,CA,98,200,1060
34.57636,-120.63244,SANTA BARBARA_08,CA,98,200,1060
34.42780,-119.84175,SANTA BARBARA_09,CA,98,200,0
34.73734,-120.58431,SANTA BARBARA_10,CA,98,200,0
34.41513,-119.84762,SANTA BARBARA_11,CA,98,100,840
37.43436,-122.17622,SANTA CLARA_01,CA,98,100,840
37.33278,-121.89317,SANTA CLARA_02,CA,98,800,1690
37.37582,-121.95755,SANTA CLARA_03,CA,98,800,1690
37.36260,-121.92901,SANTA CLARA_04,CA,98,100,0
37.41614,-122.04913,SANTA CLARA_05,CA,98,100,0
37.33249,-122.05608,SANTA CLARA_06,CA,98,100,840
37.23871,-121.78101,SANTA CLARA_07,CA,98,100,840
37.12935,-122.20252,SANTA CRUZ_01,CA,98,200,1060
36.97655,-122.03172,SANTA CRUZ_02,CA,98,100,840
40.71854,-122.41911,SHASTA_01,CA,98,250,0
40.50953,-122.29484,SHASTA_02,CA,98,100,0
38.26454,-121.92413,SOLANO_01,CA,98,250,0
38.25953,-121.92476,SOLANO_02,CA,98,250,1170
38.36951,-121.77847,SOLANO_03,CA,98,200,1060
38.07159,-122.13934,SOLANO_04,CA,98,100,840
38.25289,-122.04543,SOLANO_05,CA,98,100,840
38.24967,-122.78970,SONOMA_01,CA,98,200,1060
38.42701,-122.72629,SONOMA_02,CA,98,100,840
37.64105,-121.00025,STANISLAUS_01,CA,98,100,840
40.80099,-122.76332,TRINITY_01,CA,98,250,0
36.32885,-119.28950,TULARE_01,CA,98,100,840
37.70049,-120.42157,TUOLOMNE_01,CA,98,250,0
34.19053,-119.18090,VENTURA_01,CA,98,200,1060
34.11927,-119.11959,VENTURA_02,CA,98,200,0
33.23977,-119.45814,VENTURA_03,CA,98,200,0
34.28244,-118.74359,VENTURA_04,CA,98,100,840
38.53900,-121.75758,YOLO_01,CA,98,100,840
39.13610,-121.43659,YUBA_01,CA,98,250,0
39.13640,-121.35000,YUBA_02,CA,98,250,1170
39.39277,-121.14173,YUBA_03,CA,98,250,0
39.80144,-104.94562,ADAMS_01,CO,98,100,840
39.70176,-104.75196,ARAPAHOE_01,CO,98,200,0
39.59192,-104.84020,ARAPAHOE_02,CO,98,200,1060
39.57483,-104.88238,ARAPAHOE_03,CO,98,200,1060
39.71831,-104.77760,ARAPAHOE_04,CO,98,200,1060
40.18731,-105.12706,BOULDER_01,CO,98,200,1060
40.02085,-105.26502,BOULDER_02,CO,98,200,1060
39.74534,-104.99675,DENVER_01,CO,98,800,1690
39.86167,-104.67317,DENVER_02,CO,98,800,1690
39.79178,-105.01695,DENVER_03,CO,98,200,1060
38.83430,-104.81939,EL PASO_01,CO,98,200,1060
38.74038,-104.84495,EL PASO_02,CO,98,800,0
38.99848,-104.87007,EL PASO_03,CO,98,200,1060
38.80263,-104.52516,EL PASO_04,CO,98,200,1060
38.83550,-104.69763,EL PASO_05,CO,98,200,1060
38.80581,-104.70077,EL PASO_06,CO,98,200,1060
38.81045,-104.75122,EL PASO_07,CO,98,100,840
39.71249,-105.12016,JEFFERSON_01,CO,98,200,1060
39.90863,-105.11573,JEFFERSON_02,CO,98,200,0
39.74288,-105.20156,JEFFERSON_03,CO,98,100,840
39.80305,-105.08783,JEFFERSON_04,CO,98,100,840
39.49912,-105.10833,JEFFERSON_05,CO,98,100,840
39.55636,-105.16400,JEFFERSON_06,CO,98,100,840
40.60915,-103.50321,LOGAN_01,CO,98,800,0
40.66765,-103.55061,LOGAN_02,CO,98,800,0
40.70313,-103.37804,LOGAN_03,CO,98,800,0
40.77911,-103.38139,LOGAN_04,CO,98,800,0
40.81955,-103.28754,LOGAN_05,CO,98,800,0
40.84658,-103.40275,LOGAN_06,CO,98,800,0
40.85132,-103.49601,LOGAN_07,CO,98,800,0
40.87129,-103.11383,LOGAN_08,CO,98,800,0
40.87757,-103.22772,LOGAN_09,CO,98,800,0
40.89234,-103.34250,LOGAN_10,CO,98,800,0
40.92778,-103.49797,LOGAN_11,CO,98,800,0
40.94313,-103.11405,LOGAN_12,CO,98,800,0
40.94992,-103.28448,LOGAN_13,CO,98,800,0
40.96322,-103.38138,LOGAN_14,CO,98,800,0
40.97144,-103.00162,LOGAN_15,CO,98,800,0
40.97990,-102.81332,LOGAN_16,CO,98,800,0
40.98078,-102.90609,LOGAN_17,CO,98,800,0
40.99397,-103.47076,LOGAN_18,CO,98,800,0
40.70445,-103.47643,LOGAN_19,CO,98,200,0
40.96092,-103.19974,LOGAN_20,CO,98,200,0
37.92423,-102.60986,PROWERS_01,CO,98,100,0
38.26556,-104.61124,PUEBLO_01,CO,98,100,840
38.22649,-104.60599,PUEBLO_02,CO,98,100,840
40.56191,-103.97297,WELD_01,CO,98,800,0
40.58988,-103.89631,WELD_02,CO,98,800,0
40.60931,-103.59416,WELD_03,CO,98,800,0
40.61206,-103.76230,WELD_04,CO,98,800,0
40.62392,-103.99316,WELD_05,CO,98,800,0
40.64156,-103.67476,WELD_06,CO,98,800,0
40.67975,-104.05895,WELD_07,CO,98,800,0
40.69613,-103.97333,WELD_08,CO,98,800,0
40.69906,-103.85463,WELD_09,CO,98,800,0
40.71650,-103.77071,WELD_10,CO,98,800,0
40.71668,-103.68669,WELD_11,CO,98,800,0
40.74421,-104.02772,WELD_12,CO,98,800,0
40.74648,-103.61292,WELD_13,CO,98,800,0
40.78309,-103.51564,WELD_14,CO,98,800,0
40.78394,-103.85909,WELD_15,CO,98,800,0
40.78800,-103.97215,WELD_16,CO,98,800,0
40.79053,-103.68980,WELD_17,CO,98,800,0
40.80945,-103.61237,WELD_18,CO,98,800,0
40.82221,-104.05072,WELD_19,CO,98,800,0
40.84148,-103.80508,WELD_20,CO,98,800,0
40.85549,-103.68745,WELD_21,CO,98,800,0
40.86971,-104.10751,WELD_22,CO,98,800,0
40.89200,-103.57491,WELD_23,CO,98,800,0
40.89374,-103.87734,WELD_24,CO,98,800,0
40.91666,-103.78367,WELD_25,CO,98,800,0
40.92850,-104.06651,WELD_26,CO,98,800,0
40.96106,-103.97453,WELD_27,CO,98,800,0
40.96484,-103.87467,WELD_28,CO,98,800,0
40.99270,-103.68596,WELD_29,CO,98,800,0
40.99894,-103.59398,WELD_30,CO,98,800,0
40.99924,-103.78188,WELD_31,CO,98,800,0
40.63162,-103.83656,WELD_32,CO,98,200,0
40.88493,-104.00034,WELD_33,CO,98,200,0
40.92166,-103.69184,WELD_34,CO,98,200,0
40.42403,-104.64144,WELD_35,CO,98,200,1060
41.18042,-73.19299,FAIRFIELD_01,CT,98,100,840
41.05140,-73.54293,FAIRFIELD_02,CT,98,100,840
41.25129,-73.09670,FAIRFIELD_03,CT,98,100,840
41.93862,-72.68802,HARTFORD_01,CT,98,200,0
41.76406,-72.68218,HARTFORD_02,CT,98,100,840
41.75036,-72.63180,HARTFORD_03,CT,98,100,840
41.48142,-72.48598,MIDDLESEX_01,CT,98,250,0
41.30921,-72.92170,NEW HAVEN_01,CT,98,200,1060
41.26791,-72.99287,NEW HAVEN_02,CT,98,200,1060
41.39947,-72.08631,NEW LONDON_01,CT,98,800,1690
41.31184,-72.16551,NEW LONDON_02,CT,98,250,0
41.34553,-72.08102,NEW LONDON_03,CT,98,100,840
41.80774,-72.25398,TOLLAND_01,CT,98,100,840
38.88979,-77.00917,DISTRICT OF COLUMBIA_01,DC,98,800,1690
38.89455,-77.04833,DISTRICT OF COLUMBIA_02,DC,98,800,1690
38.95329,-77.07799,DISTRICT OF COLUMBIA_03,DC,98,100,840
38.87821,-77.03502,DISTRICT OF COLUMBIA_04,DC,98,250,0
38.92143,-77.06704,DISTRICT OF COLUMBIA_05,DC,98,250,0
38.89765,-77.03646,DISTRICT OF COLUMBIA_06,DC,98,250,0
38.88286,-77.01021,DISTRICT OF COLUMBIA_07,DC,98,200,1060
38.84791,-77.01223,DISTRICT OF COLUMBIA_08,DC,98,200,1060
39.12954,-75.46596,KENT_01,DE,98,250,0
39.15729,-75.51976,KENT_02,DE,98,100,840
39.58823,-75.63378,NEW CASTLE_01,DE,98,100,840
39.68119,-75.60250,NEW CASTLE_02,DE,98,200,0
39.67795,-75.75061,NEW CASTLE_03,DE,98,100,840
39.31931,-75.60720,NEW CASTLE_04,DE,98,100,840
29.64858,-82.33867,ALACHUA_01,FL,98,100,840
30.17251,-85.75224,BAY_01,FL,98,200,1060
30.07970,-85.61295,BAY_02,FL,98,200,1060
30.06905,-85.57498,BAY_03,FL,98,200,0
30.35825,-85.79561,BAY_04,FL,98,100,0
28.10203,-80.64520,BREVARD_01,FL,98,100,0
28.23949,-80.60773,BREVARD_02,FL,98,200,0
28.48563,-80.57550,BREVARD_03,FL,98,200,1060
28.42877,-80.59689,BREVARD_04,FL,98,200,1060
28.48574,-80.54298,BREVARD_05,FL,98,200,1060
28.53125,-80.56447,BREVARD_06,FL,98,200,1060
28.56203,-80.57719,BREVARD_07,FL,98,200,1060
28.58355,-80.58287,BREVARD_08,FL,98,200,1060
28.60837,-80.60424,BREVARD_09,FL,98,200,1060
28.62714,-80.62093,BREVARD_10,FL,98,200,1060
28.61489,-80.69436,BREVARD_11,FL,98,200,0
28.03104,-80.60077,BREVARD_12,FL,98,100,840
26.14412,-80.20480,BROWARD_01,FL,98,200,1060
26.07167,-80.14969,BROWARD_02,FL,98,100,0
26.27182,-80.25286,BROWARD_03,FL,98,100,840
26.12368,-80.14318,BROWARD_04,FL,98,100,840
26.08325,-80.12221,BROWARD_05,FL,98,100,840
26.91894,-81.99093,CHARLOTTE_01,FL,98,100,0
28.95770,-82.69723,CITRUS_01,FL,98,250,0
29.94814,-82.55799,COLUMBIA_01,FL,98,200,0
29.94815,-82.55770,COLUMBIA_02,FL,98,100,0
30.33084,-81.66224,DUVAL_01,FL,98,100,840
30.23165,-81.67783,DUVAL_02,FL,98,200,0
30.40018,-81.62743,DUVAL_03,FL,98,200,1060
30.40508,-81.54242,DUVAL_04,FL,98,200,1060
30.39137,-81.42452,DUVAL_05,FL,98,200,0
30.21878,-81.87717,DUVAL_06,FL,98,200,0
30.49406,-81.68783,DUVAL_07,FL,98,200,0
30.28314,-81.97882,DUVAL_08,FL,98,100,840
30.35327,-87.31797,ESCAMBIA_01,FL,98,200,0
30.59688,-87.25216,ESCAMBIA_02,FL,98,100,840
30.47342,-87.18661,ESCAMBIA_03,FL,98,100,0
30.44187,-82.78347,HAMILTON_01,FL,98,100,840
27.94762,-82.45723,HILLSBOROUGH_01,FL,98,100,840
27.86205,-82.49170,HILLSBOROUGH_02,FL,98,200,1060
27.84934,-82.52122,HILLSBOROUGH_03,FL,98,200,0
27.96348,-82.36379,HILLSBOROUGH_04,FL,98,200,1060
27.97547,-82.53325,HILLSBOROUGH_05,FL,98,200,0
26.53617,-81.75517,LEE_01,FL,98,100,0
26.63268,-81.95847,LEE_02,FL,98,100,840
30.38631,-84.23169,LEON_01,FL,98,100,840
30.43809,-84.28209,LEON_02,FL,98,100,840
30.39675,-84.35087,LEON_03,FL,98,100,0
27.39544,-82.55439,MANATEE_01,FL,98,100,0
25.79536,-80.29012,MIAMI-DADE_01,FL,98,100,0
25.48855,-80.38357,MIAMI-DADE_02,FL,98,200,0
25.43460,-80.32834,MIAMI-DADE_03,FL,98,250,0
25.32579,-80.40428,MIAMI-DADE_04,FL,98,100,0
25.80647,-80.34848,MIAMI-DADE_05,FL,98,200,1060
25.82492,-80.31932,MIAMI-DADE_06,FL,98,200,1060
25.97242,-80.19339,MIAMI-DADE_07,FL,98,200,1060
25.77284,-80.16679,MIAMI-DADE_08,FL,98,100,840
25.73338,-80.25816,MIAMI-DADE_09,FL,98,100,840
25.92290,-80.15641,MIAMI-DADE_10,FL,98,100,0
25.90742,-80.27822,MIAMI-DADE_11,FL,98,100,0
24.55612,-81.75996,MONROE_01,FL,98,200,0
24.57566,-81.68871,MONROE_02,FL,98,200,0
30.69910,-81.90810,NASSAU_01,FL,98,200,1060
30.48322,-86.52604,OKALOOSA_01,FL,98,800,0
30.64893,-86.52287,OKALOOSA_02,FL,98,200,0
30.42892,-86.68880,OKALOOSA_03,FL,98,200,0
28.42939,-81.30900,ORANGE_01,FL,98,100,0
28.58417,-81.19676,ORANGE_02,FL,98,200,1060
28.54175,-81.37488,ORANGE_03,FL,98,200,1060
28.54055,-81.21515,ORANGE_04,FL,98,100,840
28.44416,-81.45909,ORANGE_05,FL,98,100,840
26.70953,-80.05295,PALM BEACH_01,FL,98,200,1060
26.34496,-80.08817,PALM BEACH_02,FL,98,100,0
26.40575,-80.11423,PALM BEACH_03,FL,98,100,0
26.68316,-80.09559,PALM BEACH_04,FL,98,100,0
27.90869,-82.68650,PINELLAS_01,FL,98,100,0
27.96968,-82.78051,PINELLAS_02,FL,98,100,840
27.77164,-82.65281,PINELLAS_03,FL,98,100,840
27.87560,-82.65243,PINELLAS_04,FL,98,100,840
27.88794,-82.74085,PINELLAS_05,FL,98,100,840
27.90768,-81.91756,POLK_01,FL,98,100,840
27.83109,-82.05093,POLK_02,FL,98,100,840
28.04210,-81.95363,POLK_03,FL,98,100,840
29.88775,-81.30994,SAINT JOHNS_01,FL,98,100,840
27.34441,-80.24475,SAINT LUCIE_01,FL,98,250,0
30.71341,-87.02036,SANTA ROSA_01,FL,98,200,1060
28.77718,-81.23491,SEMINOLE_01,FL,98,100,0
29.17992,-81.05806,VOLUSIA_01,FL,98,100,0
30.57241,-86.21494,WALTON_01,FL,98,200,1060
31.92824,-82.34316,APPLING_01,GA,98,250,0
32.84034,-83.63524,BIBB_01,GA,98,200,1060
33.13956,-81.75317,BURKE_01,GA,98,250,0
30.79754,-81.51321,CAMDEN_01,GA,98,250,0
30.78290,-81.53464,CAMDEN_02,GA,98,250,0
30.78290,-81.53464,CAMDEN_03,GA,98,200,0
30.79754,-81.51321,CAMDEN_04,GA,98,200,0
32.07742,-81.13297,CHATHAM_01,GA,98,100,840
32.01002,-81.14599,CHATHAM_02,GA,98,200,0
32.12758,-81.20214,CHATHAM_03,GA,98,200,0
32.33178,-84.98715,CHATTAHOOCHEE_01,GA,98,200,0
33.95973,-83.37638,CLARKE_01,GA,98,100,840
33.63670,-84.42786,CLAYTON_01,GA,98,200,0
33.91444,-84.51425,COBB_01,GA,98,200,0
33.88964,-84.46085,COBB_02,GA,98,100,840
33.87838,-84.26693,DEKALB_01,GA,98,200,1060
33.79331,-84.32450,DEKALB_02,GA,98,100,840
31.55310,-84.06555,DOUGHERTY_01,GA,98,200,1060
33.84092,-84.37791,FULTON_01,GA,98,100,840
33.75585,-84.38566,FULTON_02,GA,98,200,1060
33.72544,-84.35691,FULTON_03,GA,98,200,1060
34.16060,-84.07406,GWINNETT_01,GA,98,250,0
33.37973,-84.29688,HENRY_01,GA,98,200,1060
32.64017,-83.59192,HOUSTON_01,GA,98,200,0
33.30362,-83.68162,JASPER_01,GA,98,200,0
31.87892,-81.60284,LIBERTY_01,GA,98,200,1060
30.96870,-83.19296,LOWNDES_01,GA,98,200,0
32.46459,-84.99118,MUSCOGEE_01,GA,98,100,840
33.47122,-81.96175,RICHMOND_01,GA,98,200,1060
33.41252,-82.16843,RICHMOND_02,GA,98,200,1060
33.43344,-81.93560,RICHMOND_03,GA,98,100,840
33.42034,-82.14207,RICHMOND_04,GA,98,200,1060
30.80622,-83.98845,THOMAS_01,GA,98,200,1060
13.42897,144.66356,GUAM_01,GU,98,200,1060
13.58388,144.93006,GUAM_02,GU,98,800,0
13.50325,144.80467,GUAM_03,GU,98,200,1060
13.61519,144.85580,GUAM_04,GU,98,200,1060
13.47519,144.73665,GUAM_05,GU,98,200,1060
13.58791,144.84088,GUAM_06,GU,98,200,1060
13.54365,144.81245,GUAM_07,GU,98,100,840
13.47832,144.83779,GUAM_08,GU,98,200,1060
13.48395,144.79713,GUAM_09,GU,98,100,0
19.73877,-156.04563,HAWAII_01,HI,98,200,0
19.72141,-155.04622,HAWAII_02,HI,98,200,1060
21.42963,-158.16087,HONOLULU_01,HI,98,200,1060
21.32550,-157.92600,HONOLULU_02,HI,98,200,0
21.30609,-158.09972,HONOLULU_03,HI,98,200,1060
21.35672,-157.95026,HONOLULU_04,HI,98,200,0
21.42166,-158.15395,HONOLULU_05,HI,98,200,1060
21.26509,-157.80269,HONOLULU_06,HI,98,200,1060
21.38524,-157.90777,HONOLULU_07,HI,98,200,1060
21.57097,-158.26380,HONOLULU_08,HI,98,200,1060
21.52114,-157.99326,HONOLULU_09,HI,98,200,1060
21.30940,-157.85921,HONOLULU_10,HI,98,200,1060
21.52302,-158.01195,HONOLULU_11,HI,98,200,1060
21.45046,-157.76795,HONOLULU_12,HI,98,200,0
21.48144,-158.03783,HONOLULU_13,HI,98,200,0
21.30735,-158.07030,HONOLULU_14,HI,98,200,0
21.36859,-158.13468,HONOLULU_15,HI,98,100,0
21.54916,-158.23805,HONOLULU_16,HI,98,100,0
21.47996,-158.22199,HONOLULU_17,HI,98,100,0
22.13035,-159.72535,KAUAI_01,HI,98,200,1060
21.97598,-159.33896,KAUAI_02,HI,98,200,1060
22.02277,-159.78506,KAUAI_03,HI,98,200,1060
20.70841,-156.25755,MAUI_01,HI,98,200,1060
20.89865,-156.43045,MAUI_02,HI,98,200,0
20.78561,-156.95142,MAUI_03,HI,98,100,0
42.73917,-111.54028,CARIBOU_01,IA,98,100,840
40.79199,-91.24561,DES MOINES_01,IA,98,200,1060
41.66084,-91.54895,JOHNSON_01,IA,98,100,840
42.10688,-91.77950,LINN_01,IA,98,250,0
42.00311,-91.65019,LINN_02,IA,98,100,840
41.48255,-90.82154,MUSCATINE_01,IA,98,100,840
41.58816,-93.62980,POLK_01,IA,98,100,840
41.69133,-93.71498,POLK_02,IA,98,100,840
41.53406,-93.65761,POLK_03,IA,98,100,0
41.24198,-95.85612,POTTAWATTAMIE_01,IA,98,100,840
42.02995,-93.64842,STORY_01,IA,98,100,840
42.40261,-96.38436,WOODBURY_01,IA,98,200,0
43.61790,-116.19963,ADA_01,ID,98,100,840
43.56436,-116.22286,ADA_02,ID,98,200,0
43.60967,-116.39318,ADA_03,ID,98,100,840
43.59554,-112.65591,BINGHAM_01,ID,98,100,840
43.33250,-111.20281,BONNEVILLE_01,ID,98,250,0
43.56689,-112.93507,BUTTE_01,ID,98,250,0
43.58685,-112.96452,BUTTE_02,ID,98,200,1060
43.58965,-116.57314,CANYON_01,ID,98,100,840
46.51541,-116.29622,CLEARWATER_01,ID,98,250,0
43.04360,-115.87243,ELMORE_01,ID,98,200,0
42.90824,-112.52619,POWER_01,ID,98,100,840
39.94059,-90.53465,BROWN_01,IL,98,250,0
40.11869,-88.23908,CHAMPAIGN_01,IL,98,100,840
41.65106,-87.63080,COOK_01,IL,98,100,840
41.78584,-87.65793,COOK_02,IL,98,100,840
41.88147,-87.64020,COOK_03,IL,98,800,1690
41.78597,-87.75242,COOK_04,IL,98,100,0
41.97452,-87.90660,COOK_05,IL,98,800,0
42.04378,-87.70955,COOK_06,IL,98,100,840
41.89645,-87.89609,COOK_07,IL,98,200,1060
41.99768,-87.69380,COOK_08,IL,98,100,840
38.99863,-87.72485,CRAWFORD_01,IL,98,100,840
40.17120,-88.83620,DE WITT_01,IL,98,250,0
41.85001,-87.94377,DUPAGE_01,IL,98,200,1060
41.77096,-88.15227,DUPAGE_02,IL,98,100,840
41.71021,-87.98264,DUPAGE_03,IL,98,100,840
41.83786,-88.26212,DUPAGE_04,IL,98,100,840
41.38856,-88.27198,GRUNDY_01,IL,98,200,0
41.38110,-88.27718,GRUNDY_02,IL,98,250,0
41.78274,-88.33120,KANE_01,IL,98,200,1060
41.18082,-87.85699,KANKAKEE_01,IL,98,100,840
42.44414,-87.80623,LAKE_01,IL,98,250,0
42.30034,-87.85392,LAKE_02,IL,98,200,1060
41.24819,-88.66561,LASALLE_01,IL,98,250,0
41.45600,-88.62099,LASALLE_02,IL,98,200,0
38.68446,-90.15295,MADISON_01,IL,98,100,840
38.83780,-90.06780,MADISON_02,IL,98,100,840
37.17128,-88.75634,MASSSAC_01,IL,98,100,840
42.07141,-89.28343,OGLE_01,IL,98,250,0
40.66419,-89.69325,PEORIA_01,IL,98,200,0
40.69264,-89.59288,PEORIA_02,IL,98,100,840
40.64188,-89.64839,PEORIA_03,IL,98,100,840
41.72060,-90.30814,ROCK ISLAND_01,IL,98,250,0
41.51803,-90.56465,ROCK ISLAND_02,IL,98,250,0
41.44892,-90.50515,ROCK ISLAND_03,IL,98,100,0
38.59827,-90.12850,SAINT CLAIR_01,IL,98,100,840
38.54439,-89.85304,SAINT CLAIR_02,IL,98,200,0
38.54517,-89.83519,SAINT CLAIR_03,IL,98,200,1060
39.84422,-89.67808,SANGAMON_01,IL,98,200,0
39.79835,-89.65497,SANGAMON_02,IL,98,100,840
39.77889,-89.60526,SANGAMON_03,IL,98,100,840
39.40912,-88.78038,SHELBY_01,IL,98,250,0
41.78582,-89.71126,WHITESIDE_01,IL,98,100,840
41.41444,-88.18343,WILL_01,IL,98,100,840
41.24211,-88.22550,WILL_02,IL,98,250,0
41.53735,-88.05985,WILL_03,IL,98,100,840
41.52443,-88.08492,WILL_04,IL,98,100,840
41.65608,-88.04856,WILL_05,IL,98,100,840
37.68928,-89.01691,WILLIAMSON_01,IL,98,100,840
42.26769,-89.08815,WINNEBAGO_01,IL,98,100,840
42.19536,-89.09722,WINNEBAGO_02,IL,98,100,0
40.97847,-85.19517,ALLEN_01,IN,98,200,0
41.09622,-85.17195,ALLEN_02,IN,98,200,1060
41.37017,-84.92038,DEKALB_01,IN,98,100,840
41.66890,-87.48000,LAKE_01,IN,98,100,840
41.61480,-87.32773,LAKE_02,IN,98,100,840
39.71731,-86.29464,MARION_01,IN,98,100,0
39.76862,-86.16263,MARION_02,IN,98,200,1060
39.74104,-86.22716,MARION_03,IN,98,100,840
39.79444,-86.05997,MARION_04,IN,98,100,840
38.86660,-86.82121,MARTIN_01,IN,98,200,1060
40.64809,-86.15212,MIAMI_01,IN,98,200,0
39.16335,-86.53558,MONROW_01,IN,98,100,840
39.97639,-86.82994,MONTGOMERY_01,IN,98,100,840
41.63230,-87.13245,PORTER_01,IN,98,100,840
41.67541,-86.25308,SAINT JOSEPH_01,IN,98,100,840
41.70822,-86.31733,SAINT JOSEPH_02,IN,98,100,0
40.42371,-86.92120,TIPPECANOE_01,IN,98,100,840
37.97348,-87.56754,VANDERBURG_01,IN,98,100,840
39.45448,-87.30365,VIGO_01,IN,98,200,0
37.92161,-87.33028,WARRICK_01,IN,98,100,840
41.12146,-85.34491,WHITLEY_01,IN,98,100,840
39.75861,-95.73333,BROWN_01,KS,98,200,1060
37.79427,-96.87407,BUTLER_01,KS,98,100,840
38.23916,-95.68946,COFFEY_01,KS,98,250,0
38.95434,-95.25580,DOUGLAS_01,KS,98,100,840
38.88033,-94.79082,JOHNSON_01,KS,98,200,1060
39.36758,-94.91433,LEAVENWORTH_01,KS,98,200,0
38.35953,-97.67362,MCPHERSON_01,KS,98,100,840
37.03733,-95.61338,MONTGOMERY_01,KS,98,100,840
39.07401,-96.80216,RILEY_01,KS,98,800,1690
39.14219,-96.66879,RILEY_02,KS,98,100,0
38.79332,-97.64582,SALINE_01,KS,98,200,0
37.68350,-97.33027,SEDGWICK_01,KS,98,100,840
37.62312,-97.26763,SEDGWICK_02,KS,98,200,0
37.64994,-97.43306,SEDGWICK_03,KS,98,200,0
38.95148,-95.66116,SHAWNEE_01,KS,98,200,0
39.01997,-95.68545,SHAWNEE_02,KS,98,100,840
39.04812,-95.67811,SHAWNEE_03,KS,98,100,840
37.18333,-89.06345,BALLARD_01,KY,98,250,0
39.04884,-84.66782,BOONE_01,KY,98,100,0
38.37115,-82.59223,BOYD_01,KY,98,100,840
38.72445,-85.07678,CARROLL_01,KY,98,100,840
36.67411,-87.48968,CHRISTIAN_01,KY,98,200,1060
38.04455,-84.49522,FAYETTE_01,KY,98,100,840
38.07877,-84.32084,FAYETTE_02,KY,98,100,840
38.18678,-84.87520,FRANKLIN_01,KY,98,100,840
38.18173,-84.90675,FRANKLIN_02,KY,98,200,0
38.75910,-84.99635,GALLATIN_01,KY,98,100,840
38.63200,-84.55334,GRANT_01,KY,98,100,0
38.50211,-82.67172,GREENUP_01,KY,98,100,840
37.94450,-86.78816,HANCOCK_01,KY,98,100,840
37.90707,-85.97204,HARDIN_01,KY,98,200,1060
37.68316,-85.91342,HARDIN_02,KY,98,100,840
37.93223,-87.37424,HENDERSON_01,KY,98,250,0
37.65769,-87.50081,HENDERSON_02,KY,98,100,840
38.24967,-85.76069,JEFFERSON_01,KY,98,100,840
38.17409,-85.73650,JEFFERSON_02,KY,98,100,0
37.01496,-88.26533,LIVINGSTON_01,KY,98,250,0
37.68668,-84.24353,MADISON_01,KY,98,200,1060
37.04453,-88.34779,MARSHALL_01,KY,98,100,840
36.86871,-85.14685,RUSSELL_01,KY,98,250,0
32.50826,-93.64213,BOSSIER_01,LA,98,200,0
32.50193,-93.66263,BOSSIER_02,LA,98,200,0
32.50193,-93.66263,BOSSIER_03,LA,98,200,0
32.50826,-93.64213,BOSSIER_04,LA,98,200,0
32.46808,-93.79268,CADDO_01,LA,98,100,840
32.51309,-93.75081,CADDO_02,LA,98,100,840
32.44715,-93.82884,CADDO_03,LA,98,100,0
30.17867,-93.33024,CALCASIEU_01,LA,98,200,1060
30.24116,-93.27022,CALCASIEU_02,LA,98,100,840
30.13384,-93.32069,CALCASIEU_03,LA,98,100,840
30.21058,-93.14319,CALCASIEU_04,LA,98,200,0
29.99827,-93.40578,CAMERON_01,LA,98,250,0
30.48382,-91.17947,EAST BATON ROUGE_01,LA,98,100,840
30.44983,-91.18500,EAST BATON ROUGE_02,LA,98,200,1060
30.44982,-91.10878,EAST BATON ROUGE_03,LA,98,100,840
30.31665,-91.30797,IBERVILLE_01,LA,98,250,0
29.99328,-90.25903,JEFFERSON_01,LA,98,100,0
30.22055,-92.02473,LAFAYETTE_01,LA,98,100,840
30.20503,-91.98775,LAFAYETTE_02,LA,98,100,0
29.95196,-90.07710,ORLEANS_01,LA,98,100,840
32.69102,-92.08246,OUACHITA_01,LA,98,100,840
29.82721,-90.02659,PLAQUEMINES_01,LA,98,200,0
30.52552,-91.55497,POINTE COUPEE_01,LA,98,100,840
31.37295,-92.39867,RAPIDES_01,LA,98,100,840
29.99346,-90.47298,SAINT CHARLES_01,LA,98,250,0
30.52574,-91.74871,SAINT LANDRY_01,LA,98,100,840
31.07318,-93.20050,VERNON_01,LA,98,800,1690
30.75592,-91.33219,WEST FELICIANA_01,LA,98,250,0
41.75245,-70.53829,BARNSTABLE_01,MA,98,250,1170
41.65811,-70.52177,BARNSTABLE_02,MA,98,200,1060
42.45906,-73.21273,BERKSHIRE_01,MA,98,100,840
41.64080,-70.91485,BRISTOL_01,MA,98,100,840
42.45958,-70.96079,ESSEX_01,MA,98,200,0
42.10448,-72.59036,HAMPDEN_01,MA,98,200,1060
42.15794,-72.71586,HAMPDEN_02,MA,98,200,0
42.19287,-72.53405,HAMPDEN_03,MA,98,200,0
42.36711,-71.10571,MIDDLESEX_01,MA,98,200,1060
42.45660,-71.27207,MIDDLESEX_02,MA,98,200,1060
42.61911,-71.49111,MIDDLESEX_03,MA,98,200,1060
42.41108,-71.44802,MIDDLESEX_04,MA,98,200,1060
42.36719,-71.08337,MIDDLESEX_05,MA,98,200,1060
42.27392,-71.43206,MIDDLESEX_06,MA,98,200,1060
42.52471,-71.46253,MIDDLESEX_07,MA,98,200,0
42.33555,-71.16849,MIDDLESEX_08,MA,98,100,840
42.38284,-71.27094,MIDDLESEX_09,MA,98,100,840
42.64624,-71.31421,MIDDLESEX_10,MA,98,100,840
42.40559,-71.14296,MIDDLESEX_11,MA,98,100,840
42.49182,-71.22536,MIDDLESEX_12,MA,98,100,840
42.29732,-71.41266,MIDDLESEX_13,MA,98,100,840
42.63881,-71.24446,MIDDLESEX_14,MA,98,100,840
42.52221,-71.13930,MIDDLESEX_15,MA,98,100,840
42.24362,-70.99107,NORFOLK_01,MA,98,100,840
42.08656,-71.01397,PLYMOUTH_01,MA,98,200,1060
41.94414,-70.57603,PLYMOUTH_02,MA,98,250,0
42.35868,-71.06382,SUFFOLK_01,MA,98,200,1060
42.36294,-71.00639,SUFFOLK_02,MA,98,200,1060
42.33557,-71.10629,SUFFOLK_03,MA,98,100,840
42.34082,-71.01951,SUFFOLK_04,MA,98,100,840
42.26827,-71.79988,WORCESTER_01,MA,98,200,1060
39.17573,-76.66899,ANNE ARUNDEL_01,MD,98,100,0
38.97888,-76.49107,ANNE ARUNDEL_02,MD,98,200,1060
39.10866,-76.77133,ANNE ARUNDEL_03,MD,98,200,1060
39.10436,-76.75742,ANNE ARUNDEL_04,MD,98,200,1060
39.19583,-76.68775,ANNE ARUNDEL_05,MD,98,200,1060
38.96669,-76.68303,ANNE ARUNDEL_06,MD,98,200,1060
39.29344,-76.61454,BALTIMORE_01,MD,98,800,1690
39.24914,-76.55655,BALTIMORE_02,MD,98,100,840
39.43238,-76.50501,BALTIMORE_03,MD,98,200,1060
39.50016,-76.83869,BALTIMORE_04,MD,98,200,1060
39.32567,-76.41378,BALTIMORE_05,MD,98,200,0
38.42866,-76.44519,CALVERT_01,MD,98,250,0
38.65928,-76.53235,CALVERT_02,MD,98,200,1060
39.60828,-77.00767,CARROLL_01,MD,98,100,0
38.58498,-77.18351,CHARLES_01,MD,98,200,1060
38.42999,-77.08391,CHARLES_02,MD,98,200,1060
38.61104,-76.92045,CHARLES_03,MD,98,200,1060
39.41757,-77.37430,FREDERICK_01,MD,98,100,0
39.64741,-77.46307,FREDERICK_02,MD,98,250,0
39.69489,-77.32669,FREDERICK_03,MD,98,200,1060
39.35455,-77.42395,FREDERICK_04,MD,98,200,1060
39.44289,-77.41486,FREDERICK_05,MD,98,200,1060
39.44928,-77.62648,FREDERICK_06,MD,98,200,1060
39.34852,-77.28075,FREDERICK_07,MD,98,200,0
39.39193,-76.29292,HARFORD_01,MD,98,200,1060
39.46547,-76.16829,HARFORD_02,MD,98,200,0
39.53827,-76.10743,HARFORD_03,MD,98,100,840
39.34687,-77.17110,HOWARD_01,MD,98,200,0
39.16692,-76.89750,HOWARD_02,MD,98,100,840
39.18624,-76.78867,HOWARD_03,MD,98,100,840
39.11664,-77.18932,MONTGOMERY_01,MD,98,200,1060
39.18010,-77.25635,MONTGOMERY_02,MD,98,100,840
39.03290,-76.96047,MONTGOMERY_03,MD,98,200,1060
38.97488,-77.19241,MONTGOMERY_04,MD,98,200,1060
38.94949,-77.12193,MONTGOMERY_05,MD,98,200,1060
39.02958,-77.13571,MONTGOMERY_06,MD,98,100,840
39.20913,-77.10633,MONTGOMERY_07,MD,98,250,1170
38.97180,-76.92450,PRINCE GEORGE'S_01,MD,98,100,840
38.81083,-76.86705,PRINCE GEORGE'S_02,MD,98,250,0
38.67864,-76.84296,PRINCE GEORGE'S_03,MD,98,200,1060
38.84454,-76.93658,PRINCE GEORGE'S_04,MD,98,200,1060
38.99319,-76.87381,PRINCE GEORGE'S_05,MD,98,100,840
38.28585,-76.40846,SAINT MARY'S_01,MD,98,200,0
38.27815,-76.42739,SAINT MARY'S_02,MD,98,250,1170
38.14600,-76.42847,SAINT MARY'S_03,MD,98,200,0
38.80195,-76.06857,TALBOT_01,MD,98,100,0
39.69622,-77.51292,WASHINGTON_01,MD,98,200,1060
39.71211,-77.97289,WASHINGTON_02,MD,98,200,1060
39.70850,-77.72650,WASHINGTON_03,MD,98,100,0
38.34189,-75.50948,WICOMICO_01,MD,98,100,0
43.89236,-69.93883,CUMBERLAND_01,ME,98,100,0
43.64564,-70.30862,CUMBERLAND_02,ME,98,200,0
44.36690,-69.80116,KENNEBEC_01,ME,98,100,840
44.30730,-69.78172,KENNEBEC_02,ME,98,100,840
43.95439,-69.69316,LINCOLN_01,ME,98,250,0
44.80744,-68.82814,PENOBSCOT_01,ME,98,200,0
44.64508,-67.28318,WASHINGTON_01,ME,98,200,1060
43.46780,-70.48072,YORK_01,ME,98,100,840
45.07828,-83.56139,ALPENA_01,MI,98,200,0
41.97519,-86.55882,BERRIEN_01,MI,98,250,0
42.31057,-85.24775,CALHOUN_01,MI,98,200,0
46.50351,-84.35095,CHIPPEWA_01,MI,98,250,0
46.25075,-84.47238,CHIPPEWA_02,MI,98,200,0
42.67000,-84.66631,EATON_01,MI,98,100,840
42.72743,-84.47955,INGHAM_01,MI,98,100,840
42.76938,-84.57224,INGHAM_02,MI,98,100,840
42.73364,-84.55532,INGHAM_03,MI,98,100,840
44.45153,-83.39417,IOSCO_01,MI,98,200,0
42.23439,-85.55156,KALAMAZOO_01,MI,98,100,0
42.96575,-85.66758,KENT_01,MI,98,100,840
42.88083,-85.52281,KENT_02,MI,98,200,1060
42.49733,-83.04133,MACOMB_01,MI,98,200,1060
42.61389,-82.83691,MACOMB_02,MI,98,200,0
46.34916,-87.39637,MARQUETTE_01,MI,98,200,0
41.96461,-83.26098,MONROE_01,MI,98,250,0
43.53185,-84.08214,SAGINAW_01,MI,98,100,0
42.32464,-86.31245,VAN BUREN_01,MI,98,250,0
42.28185,-83.74547,WASHTENAW_01,MI,98,100,840
42.28391,-83.15847,WAYNE_01,MI,98,100,840
42.36152,-83.04844,WAYNE_02,MI,98,200,1060
42.21244,-83.35340,WAYNE_03,MI,98,100,0
42.32970,-83.04360,WAYNE_04,MI,98,100,840
46.33866,-94.19554,CROW WING_01,MN,98,100,0
44.63729,-93.15202,DAKOTA_01,MN,98,200,1060
44.76410,-93.04063,DAKOTA_02,MN,98,100,840
44.61994,-92.63901,GOODHUE_01,MN,98,250,0
44.97768,-93.26697,HENNEPIN_01,MN,98,100,840
44.88197,-93.22178,HENNEPIN_02,MN,98,200,0
45.04058,-93.40238,HENNEPIN_03,MN,98,100,840
44.02265,-92.46619,OLMSTED_01,MN,98,100,840
43.90828,-92.50003,OLMSTED_02,MN,98,100,0
44.94797,-93.09411,RAMSEY_01,MN,98,100,840
44.93755,-93.03884,RAMSEY_02,MN,98,100,840
46.84207,-92.19324,SAINT LOUIS_01,MN,98,200,0
44.85220,-93.00352,WASHINGTON_01,MN,98,100,840
44.05547,-91.64938,WINONA_01,MN,98,100,840
45.33206,-93.85060,WRIGHT_01,MN,98,250,0
38.26290,-93.40534,BENTON_01,MO,98,250,0
38.94649,-92.32741,BOONE_01,MO,98,100,840
39.77134,-94.90691,BUCHANAN_01,MO,98,200,0
38.76297,-91.78134,CALLAWAY_01,MO,98,250,0
39.09660,-94.57847,CLAY_01,MO,98,800,1690
38.57910,-92.17300,COLE_01,MO,98,100,840
38.55263,-92.07517,COLE_02,MO,98,100,840
37.24567,-93.38864,GREENE_01,MO,98,200,0
39.10287,-94.26297,JACKSON_01,MO,98,200,1060
38.86311,-94.55324,JACKSON_02,MO,98,200,1060
38.96158,-94.60058,JACKSON_03,MO,98,200,1060
39.12317,-94.52370,JACKSON_04,MO,98,100,840
39.09200,-94.41501,JACKSON_05,MO,98,100,840
38.32556,-90.52830,JEFFERSON_01,MO,98,100,0
38.22351,-90.57273,JEFFERSON_02,MO,98,200,0
38.73031,-93.54786,JOHNSON_01,MO,98,200,0
38.72553,-93.53956,JOHNSON_02,MO,98,200,0
38.72553,-93.53956,JOHNSON_03,MO,98,800,0
38.73031,-93.54786,JOHNSON_04,MO,98,800,0
39.29761,-94.71389,PLATTE_01,MO,98,200,0
37.74164,-92.14072,PULASKI_01,MO,98,200,0
39.63581,-91.24916,RALLS_01,MO,98,250,0
38.64785,-90.20975,SAINT LOUIS (IC)_01,MO,98,200,1060
38.59086,-90.20860,SAINT LOUIS (IC)_02,MO,98,200,1060
38.74870,-90.37003,SAINT LOUIS_01,MO,98,200,0
38.50299,-90.28295,SAINT LOUIS_02,MO,98,200,1060
38.64879,-90.31080,SAINT LOUIS_03,MO,98,100,840
36.59576,-93.31101,TANEY_01,MO,98,250,0
32.00898,-91.04666,CLAIBORNE_01,MS,98,250,0
30.37960,-89.60246,HANCOCK_01,MS,98,200,1060
30.22809,-89.55709,HANCOCK_02,MS,98,100,840
30.41043,-88.92444,HARRISON_01,MS,98,200,0
30.37795,-89.12640,HARRISON_02,MS,98,200,0
30.62700,-89.14461,HARRISON_03,MS,98,100,0
30.40728,-89.07008,HARRISON_04,MS,98,200,0
30.38271,-89.30831,HARRISON_05,MS,98,100,840
30.34170,-88.48690,JACKSON_01,MS,98,100,840
30.35118,-88.57515,JACKSON_02,MS,98,100,840
32.55348,-88.55526,LAUDERDALE_01,MS,98,200,1060
32.33180,-88.75373,LAUDERDALE_02,MS,98,200,0
33.64518,-88.44592,LOWNDES_01,MS,98,100,0
33.44855,-88.57299,LOWNDES_02,MS,98,100,840
33.73051,-88.45147,MONROE_01,MS,98,100,840
32.29917,-90.18569,RANKIN_01,MS,98,200,1060
32.31117,-90.07589,RANKIN_02,MS,98,200,0
32.31374,-90.13489,RANKIN_03,MS,98,100,840
32.24669,-90.09479,RANKIN_04,MS,98,100,840
47.50909,-111.16472,CASCADE_01,MT,98,200,0
47.50464,-111.18733,CASCADE_02,MT,98,100,0
47.48112,-111.36654,CASCADE_03,MT,98,200,0
47.52359,-111.29276,CASCADE_04,MT,98,100,840
47.05094,-110.66975,CASCADE_05,MT,98,800,0
47.06165,-110.81072,CASCADE_06,MT,98,800,0
47.14805,-111.56300,CASCADE_07,MT,98,800,0
47.16238,-110.84365,CASCADE_08,MT,98,800,0
47.17873,-110.97010,CASCADE_09,MT,98,800,0
47.20310,-111.45487,CASCADE_10,MT,98,800,0
47.23419,-111.57861,CASCADE_11,MT,98,800,0
47.25740,-111.27710,CASCADE_12,MT,98,800,0
47.27727,-111.15020,CASCADE_13,MT,98,800,0
47.29796,-111.68543,CASCADE_14,MT,98,800,0
47.30400,-111.02137,CASCADE_15,MT,98,800,0
47.30590,-111.90599,CASCADE_16,MT,98,800,0
47.34120,-111.79036,CASCADE_17,MT,98,800,0
47.36341,-111.59074,CASCADE_18,MT,98,800,0
47.37252,-110.79214,CASCADE_19,MT,98,800,0
47.39158,-110.91419,CASCADE_20,MT,98,800,0
47.39375,-112.02240,CASCADE_21,MT,98,800,0
47.39653,-111.88533,CASCADE_22,MT,98,800,0
47.40869,-111.70840,CASCADE_23,MT,98,800,0
47.46235,-111.80926,CASCADE_24,MT,98,800,0
47.47830,-111.96736,CASCADE_25,MT,98,800,0
47.48313,-111.51024,CASCADE_26,MT,98,800,0
47.49607,-111.68072,CASCADE_27,MT,98,800,0
47.50909,-111.16472,CASCADE_28,MT,98,800,0
47.56594,-111.53403,CASCADE_29,MT,98,800,0
47.58199,-111.84002,CASCADE_30,MT,98,800,0
47.65528,-111.54068,CASCADE_31,MT,98,800,0
47.69724,-111.42925,CASCADE_32,MT,98,800,0
47.28188,-110.80111,CASCADE_33,MT,98,200,0
47.31263,-111.47357,CASCADE_34,MT,98,200,0
47.75176,-111.19650,CHOUTEAU_01,MT,98,800,0
47.75504,-111.31906,CHOUTEAU_02,MT,98,800,0
47.79040,-111.07123,CHOUTEAU_03,MT,98,800,0
47.82983,-111.39767,CHOUTEAU_04,MT,98,800,0
47.83496,-111.25511,CHOUTEAU_05,MT,98,800,0
46.79454,-109.75278,FERGUS_01,MT,98,800,0
46.84855,-109.65410,FERGUS_02,MT,98,800,0
46.89341,-109.76245,FERGUS_03,MT,98,800,0
46.93444,-109.56949,FERGUS_04,MT,98,800,0
46.93938,-109.04152,FERGUS_05,MT,98,800,0
46.97916,-109.74176,FERGUS_06,MT,98,800,0
46.98076,-109.27050,FERGUS_07,MT,98,800,0
46.99289,-108.93452,FERGUS_08,MT,98,800,0
46.99504,-109.41121,FERGUS_09,MT,98,800,0
46.99517,-109.13327,FERGUS_10,MT,98,800,0
47.05309,-109.52043,FERGUS_11,MT,98,800,0
47.07461,-109.36501,FERGUS_12,MT,98,800,0
47.07922,-108.79569,FERGUS_13,MT,98,800,0
47.08248,-109.15046,FERGUS_14,MT,98,800,0
47.09469,-109.67018,FERGUS_15,MT,98,800,0
47.10765,-108.92021,FERGUS_16,MT,98,800,0
47.13597,-109.45410,FERGUS_17,MT,98,800,0
47.16438,-108.79609,FERGUS_18,MT,98,800,0
47.16456,-109.11187,FERGUS_19,MT,98,800,0
47.20617,-109.38783,FERGUS_20,MT,98,800,0
47.21892,-109.51700,FERGUS_21,MT,98,800,0
47.24475,-109.63700,FERGUS_22,MT,98,800,0
47.25294,-108.98397,FERGUS_23,MT,98,800,0
47.26139,-108.83347,FERGUS_24,MT,98,800,0
47.26557,-109.28897,FERGUS_25,MT,98,800,0
47.27162,-109.87407,FERGUS_26,MT,98,800,0
47.27455,-109.75064,FERGUS_27,MT,98,800,0
47.29422,-110.04440,FERGUS_28,MT,98,800,0
47.30539,-109.54772,FERGUS_29,MT,98,800,0
47.30675,-109.17426,FERGUS_30,MT,98,800,0
47.33466,-109.36108,FERGUS_31,MT,98,800,0
47.33796,-109.05359,FERGUS_32,MT,98,800,0
47.34407,-108.78906,FERGUS_33,MT,98,800,0
47.34759,-109.95681,FERGUS_34,MT,98,800,0
47.38518,-109.49012,FERGUS_35,MT,98,800,0
47.38871,-110.06660,FERGUS_36,MT,98,800,0
47.39614,-109.69044,FERGUS_37,MT,98,800,0
47.40229,-109.13806,FERGUS_38,MT,98,800,0
47.41532,-109.31129,FERGUS_39,MT,98,800,0
47.42028,-108.91134,FERGUS_40,MT,98,800,0
47.42642,-108.76297,FERGUS_41,MT,98,800,0
47.44155,-109.97337,FERGUS_42,MT,98,800,0
47.46751,-109.82642,FERGUS_43,MT,98,800,0
47.48003,-109.64085,FERGUS_44,MT,98,800,0
47.49144,-109.51579,FERGUS_45,MT,98,800,0
47.49733,-109.23153,FERGUS_46,MT,98,800,0
47.52640,-109.34590,FERGUS_47,MT,98,800,0
47.54403,-109.77099,FERGUS_48,MT,98,800,0
47.56303,-109.62671,FERGUS_49,MT,98,800,0
47.58265,-109.43946,FERGUS_50,MT,98,800,0
47.58502,-109.24642,FERGUS_51,MT,98,800,0
47.64500,-109.34195,FERGUS_52,MT,98,800,0
46.69441,-109.74106,FERGUS_53,MT,98,200,0
47.01381,-109.63075,FERGUS_54,MT,98,200,0
47.05920,-109.03214,FERGUS_55,MT,98,200,0
47.32862,-108.92736,FERGUS_56,MT,98,200,0
47.37618,-109.81476,FERGUS_57,MT,98,200,0
47.45371,-109.41735,FERGUS_58,MT,98,200,0
48.34116,-114.01281,FLATHEAD_01,MT,98,250,0
46.85158,-109.90144,JUDITH BASIN_01,MT,98,800,0
46.90657,-110.22510,JUDITH BASIN_02,MT,98,800,0
46.93851,-109.92280,JUDITH BASIN_03,MT,98,800,0
46.96217,-110.10274,JUDITH BASIN_04,MT,98,800,0
46.98107,-110.28669,JUDITH BASIN_05,MT,98,800,0
47.02621,-110.40957,JUDITH BASIN_06,MT,98,800,0
47.03620,-109.88376,JUDITH BASIN_07,MT,98,800,0
47.03970,-110.03198,JUDITH BASIN_08,MT,98,800,0
47.07589,-110.30616,JUDITH BASIN_09,MT,98,800,0
47.12587,-110.00846,JUDITH BASIN_10,MT,98,800,0
47.13404,-109.78006,JUDITH BASIN_11,MT,98,800,0
47.14954,-110.37118,JUDITH BASIN_12,MT,98,800,0
47.15934,-110.24027,JUDITH BASIN_13,MT,98,800,0
47.17216,-110.10731,JUDITH BASIN_14,MT,98,800,0
47.18227,-110.72777,JUDITH BASIN_15,MT,98,800,0
47.18633,-109.92488,JUDITH BASIN_16,MT,98,800,0
47.23137,-110.45727,JUDITH BASIN_17,MT,98,800,0
47.23435,-110.19314,JUDITH BASIN_18,MT,98,800,0
47.25436,-110.57365,JUDITH BASIN_19,MT,98,800,0
47.31173,-110.16888,JUDITH BASIN_20,MT,98,800,0
47.31792,-110.48801,JUDITH BASIN_21,MT,98,800,0
47.33998,-110.67253,JUDITH BASIN_22,MT,98,800,0
47.38314,-110.43036,JUDITH BASIN_23,MT,98,800,0
47.39570,-110.57514,JUDITH BASIN_24,MT,98,800,0
47.09563,-110.16335,JUDITH BASIN_25,MT,98,200,0
47.28525,-110.36007,JUDITH BASIN_26,MT,98,200,0
46.59178,-112.03976,LEWIS AND CLARK_01,MT,98,200,1060
46.60581,-111.98074,LEWIS AND CLARK_02,MT,98,200,0
46.61774,-112.09765,LEWIS AND CLARK_03,MT,98,100,840
47.23113,-112.22590,LEWIS AND CLARK_04,MT,98,800,0
47.23378,-112.08827,LEWIS AND CLARK_05,MT,98,800,0
47.25301,-112.35098,LEWIS AND CLARK_06,MT,98,800,0
47.33669,-112.22416,LEWIS AND CLARK_07,MT,98,800,0
47.41091,-112.14452,LEWIS AND CLARK_08,MT,98,800,0
47.41856,-112.29142,LEWIS AND CLARK_09,MT,98,800,0
47.45010,-112.45038,LEWIS AND CLARK_10,MT,98,800,0
47.48981,-112.21786,LEWIS AND CLARK_11,MT,98,800,0
47.50318,-112.08662,LEWIS AND CLARK_12,MT,98,800,0
47.52926,-112.36125,LEWIS AND CLARK_13,MT,98,800,0
47.32571,-112.09187,LEWIS AND CLARK_14,MT,98,200,0
48.41053,-115.31467,LINCOLN_01,MT,98,250,0
48.00238,-106.41751,MCCONE_01,MT,98,250,0
46.91631,-114.09056,MISSOULA_01,MT,98,200,1060
47.58319,-112.14632,TETON_01,MT,98,800,0
47.60524,-112.02854,TETON_02,MT,98,800,0
47.61917,-111.67598,TETON_03,MT,98,800,0
47.64752,-112.42743,TETON_04,MT,98,800,0
47.67893,-112.23436,TETON_05,MT,98,800,0
47.71152,-111.78709,TETON_06,MT,98,800,0
47.71416,-111.65804,TETON_07,MT,98,800,0
47.73905,-112.51275,TETON_08,MT,98,800,0
47.74104,-112.13422,TETON_09,MT,98,800,0
47.74247,-112.36630,TETON_10,MT,98,800,0
47.78181,-111.98931,TETON_11,MT,98,800,0
47.79496,-112.23325,TETON_12,MT,98,800,0
47.79569,-111.77641,TETON_13,MT,98,800,0
47.81467,-111.64622,TETON_14,MT,98,800,0
47.82180,-112.46766,TETON_15,MT,98,800,0
47.84176,-111.52258,TETON_16,MT,98,800,0
47.60482,-112.31036,TETON_17,MT,98,200,0
47.69676,-111.94252,TETON_18,MT,98,200,0
47.75199,-111.54633,TETON_19,MT,98,200,0
48.42110,-106.52769,VALLEY_01,MT,98,200,0
46.30245,-109.52921,WHEATLAND_01,MT,98,800,0
46.37117,-109.86186,WHEATLAND_02,MT,98,800,0
46.39553,-109.52667,WHEATLAND_03,MT,98,800,0
46.41198,-109.68971,WHEATLAND_04,MT,98,800,0
46.47478,-109.48525,WHEATLAND_05,MT,98,800,0
46.49080,-109.99647,WHEATLAND_06,MT,98,800,0
46.49685,-109.62071,WHEATLAND_07,MT,98,800,0
46.52564,-109.76245,WHEATLAND_08,MT,98,800,0
46.53316,-109.89146,WHEATLAND_08,MT,98,800,0
46.56210,-109.51336,WHEATLAND_09,MT,98,800,0
46.58662,-109.63923,WHEATLAND_10,MT,98,800,0
46.59973,-109.97628,WHEATLAND_11,MT,98,800,0
46.60863,-109.76200,WHEATLAND_12,MT,98,800,0
46.64930,-109.50223,WHEATLAND_13,MT,98,800,0
46.67006,-109.62164,WHEATLAND_14,MT,98,800,0
46.67954,-109.87103,WHEATLAND_15,MT,98,800,0
46.44550,-109.80146,WHEATLAND_16,MT,98,200,0
45.72895,-108.39586,YELLOWSTONE_01,MT,98,100,0
45.65777,-108.77083,YELLOWSTONE_02,MT,98,100,840
45.81451,-108.43291,YELLOWSTONE_03,MT,98,100,840
45.78374,-108.50579,YELLOWSTONE_04,MT,98,100,840
34.84285,-78.83599,BLADEN_01,NC,98,100,840
33.96031,-78.00590,BRUNSWICK_01,NC,98,250,0
34.00117,-77.95930,BRUNSWICK_02,NC,98,200,1060
35.78296,-79.07424,CHATHAM_01,NC,98,200,1060
34.90317,-76.88077,CRAVEN_01,NC,98,200,0
35.13066,-78.96272,CUMBERLAND_01,NC,98,800,1690
35.17089,-79.01450,CUMBERLAND_02,NC,98,200,0
35.05386,-78.88362,CUMBERLAND_03,NC,98,200,1060
34.98396,-78.79051,CUMBERLAND_04,NC,98,100,840
36.00218,-78.92028,DURHAM_01,NC,98,100,840
35.94291,-77.79381,EDGECOMBE_01,NC,98,200,1060
36.13358,-80.25442,FORSYTH_01,NC,98,100,840
36.07222,-79.79455,GUILFORD_01,NC,98,100,840
36.10133,-79.94112,GUILFORD_02,NC,98,200,0
36.35316,-76.81240,HERTFORD_01,NC,98,100,840
35.22437,-80.83712,MECKLENBURG_01,NC,98,100,840
35.21375,-80.94906,MECKLENBURG_02,NC,98,200,0
35.43302,-80.95172,MECKLENBURG_03,NC,98,250,0
34.23719,-77.94598,NEW HANOVER_01,NC,98,100,840
34.32259,-77.93522,NEW HANOVER_02,NC,98,100,840
34.31371,-77.98025,NEW HANOVER_03,NC,98,100,840
34.26807,-77.90319,NEW HANOVER_04,NC,98,100,0
34.70968,-77.44228,ONSLOW_01,NC,98,200,0
34.66733,-77.33586,ONSLOW_02,NC,98,200,1060
35.90353,-79.04847,ORANGE_01,NC,98,100,840
36.26060,-76.17440,PASQUOTANK_01,NC,98,200,0
35.41638,-80.15000,STANLY_01,NC,98,200,0
35.45264,-83.80492,SWAIN_01,NC,98,250,0
35.63293,-78.95591,WAKE_01,NC,98,250,0
35.78044,-78.63911,WAKE_02,NC,98,200,1060
35.88323,-78.79098,WAKE_03,NC,98,200,0
35.80875,-78.71087,WAKE_04,NC,98,100,840
35.78925,-78.78039,WAKE_05,NC,98,100,840
35.33938,-77.96059,WAYNE_01,NC,98,800,0
48.69209,-101.41083,BOTTINEAU_01,ND,98,800,0
48.69888,-101.30155,BOTTINEAU_02,ND,98,800,0
48.76165,-101.23733,BOTTINEAU_03,ND,98,800,0
48.76171,-101.34853,BOTTINEAU_04,ND,98,800,0
48.76488,-101.47142,BOTTINEAU_05,ND,98,800,0
48.79417,-101.14462,BOTTINEAU_06,ND,98,800,0
48.82441,-101.38899,BOTTINEAU_07,ND,98,800,0
48.87044,-101.21111,BOTTINEAU_08,ND,98,800,0
48.89060,-101.42982,BOTTINEAU_09,ND,98,800,0
48.89243,-101.30724,BOTTINEAU_10,ND,98,800,0
48.94845,-101.36723,BOTTINEAU_11,ND,98,800,0
48.96683,-101.26032,BOTTINEAU_12,ND,98,800,0
48.82455,-101.28243,BOTTINEAU_13,ND,98,200,0
48.61758,-102.33685,BURKE_01,ND,98,800,0
48.73583,-102.20432,BURKE_02,ND,98,800,0
48.73683,-102.32968,BURKE_03,ND,98,800,0
48.76054,-102.43847,BURKE_04,ND,98,800,0
48.80853,-102.16094,BURKE_05,ND,98,800,0
48.82077,-102.36914,BURKE_06,ND,98,800,0
48.85909,-102.23793,BURKE_07,ND,98,800,0
48.89278,-102.33267,BURKE_08,ND,98,800,0
48.89558,-102.43948,BURKE_09,ND,98,800,0
48.93071,-102.24142,BURKE_10,ND,98,800,0
48.78947,-102.26872,BURKE_11,ND,98,200,0
46.82087,-100.78278,BURLEIGH_01,ND,98,200,1060
46.81316,-100.81742,BURLEIGH_02,ND,98,100,840
46.92064,-96.81575,CASS_01,ND,98,200,0
46.87825,-96.78284,CASS_02,ND,98,100,840
47.96128,-97.40081,GRAND FORKS_01,ND,98,200,0
47.94955,-97.18124,GRAND FORKS_02,ND,98,100,0
46.36599,-98.33569,LAMOURE_01,ND,98,200,1060
47.85042,-100.65891,MCHENRY_01,ND,98,800,0
47.86130,-100.79884,MCHENRY_02,ND,98,800,0
47.87495,-100.43320,MCHENRY_03,ND,98,800,0
47.89340,-100.58377,MCHENRY_04,ND,98,800,0
47.92710,-100.82088,MCHENRY_05,ND,98,800,0
47.93314,-100.48116,MCHENRY_06,ND,98,800,0
47.93698,-100.36903,MCHENRY_07,ND,98,800,0
47.99226,-100.82103,MCHENRY_08,ND,98,800,0
48.00144,-100.45416,MCHENRY_09,ND,98,800,0
48.00944,-100.67301,MCHENRY_10,ND,98,800,0
48.03583,-100.58894,MCHENRY_11,ND,98,800,0
48.03939,-100.93099,MCHENRY_12,ND,98,800,0
48.07140,-100.73567,MCHENRY_13,ND,98,800,0
48.07587,-100.84067,MCHENRY_14,ND,98,800,0
48.10245,-100.62778,MCHENRY_15,ND,98,800,0
47.90896,-100.92686,MCHENRY_16,ND,98,200,0
47.96710,-100.58066,MCHENRY_17,ND,98,200,0
47.59117,-101.07656,MCLEAN_01,ND,98,800,0
47.60460,-100.87210,MCLEAN_02,ND,98,800,0
47.63357,-100.97365,MCLEAN_03,ND,98,800,0
47.64075,-101.49568,MCLEAN_04,ND,98,800,0
47.64540,-101.76178,MCLEAN_05,ND,98,800,0
47.64805,-101.59741,MCLEAN_06,ND,98,800,0
47.65794,-101.07653,MCLEAN_07,ND,98,800,0
47.66225,-101.39525,MCLEAN_08,ND,98,800,0
47.66349,-101.28594,MCLEAN_09,ND,98,800,0
47.68118,-100.90395,MCLEAN_10,ND,98,800,0
47.68344,-101.68122,MCLEAN_11,ND,98,800,0
47.68730,-101.83785,MCLEAN_12,ND,98,800,0
47.68942,-101.93467,MCLEAN_13,ND,98,800,0
47.70194,-101.16309,MCLEAN_14,ND,98,800,0
47.71855,-101.51924,MCLEAN_15,ND,98,800,0
47.72899,-101.29115,MCLEAN_16,ND,98,800,0
47.73035,-101.42007,MCLEAN_17,ND,98,800,0
47.74772,-101.88518,MCLEAN_18,ND,98,800,0
47.75346,-100.90949,MCLEAN_19,ND,98,800,0
47.75881,-101.07723,MCLEAN_20,ND,98,800,0
47.77671,-101.19176,MCLEAN_21,ND,98,800,0
47.78399,-100.80165,MCLEAN_22,ND,98,800,0
47.78778,-101.80632,MCLEAN_23,ND,98,800,0
47.79259,-101.42042,MCLEAN_24,ND,98,800,0
47.80350,-101.52346,MCLEAN_25,ND,98,800,0
47.81809,-101.02703,MCLEAN_26,ND,98,800,0
47.83121,-100.92692,MCLEAN_27,ND,98,800,0
47.83423,-101.87989,MCLEAN_28,ND,98,800,0
47.71451,-101.01003,MCLEAN_29,ND,98,200,0
47.75076,-101.67426,MCLEAN_30,ND,98,200,0
47.79516,-101.29872,MCLEAN_31,ND,98,200,0
46.85178,-100.87910,MORTON_01,ND,98,100,840
47.85357,-102.12694,MOUNTRAIL_01,ND,98,800,0
47.88864,-102.21654,MOUNTRAIL_02,ND,98,800,0
47.89004,-102.04063,MOUNTRAIL_03,ND,98,800,0
47.89203,-101.94826,MOUNTRAIL_04,ND,98,800,0
47.92239,-102.13107,MOUNTRAIL_05,ND,98,800,0
47.97636,-102.44683,MOUNTRAIL_06,ND,98,800,0
47.97651,-101.99680,MOUNTRAIL_07,ND,98,800,0
47.97927,-101.89699,MOUNTRAIL_08,ND,98,800,0
47.98033,-102.34141,MOUNTRAIL_09,ND,98,800,0
47.99341,-102.12703,MOUNTRAIL_10,ND,98,800,0
48.04338,-101.96381,MOUNTRAIL_11,ND,98,800,0
48.05454,-102.07181,MOUNTRAIL_12,ND,98,800,0
48.06031,-102.17862,MOUNTRAIL_13,ND,98,800,0
48.09650,-102.27653,MOUNTRAIL_14,ND,98,800,0
48.12301,-102.07482,MOUNTRAIL_15,ND,98,800,0
48.13793,-102.17748,MOUNTRAIL_16,ND,98,800,0
48.18343,-101.94738,MOUNTRAIL_17,ND,98,800,0
48.20011,-102.07490,MOUNTRAIL_18,ND,98,800,0
48.20165,-102.22604,MOUNTRAIL_19,ND,98,800,0
48.20778,-102.35552,MOUNTRAIL_20,ND,98,800,0
48.23281,-102.46291,MOUNTRAIL_21,ND,98,800,0
48.27237,-102.22299,MOUNTRAIL_22,ND,98,800,0
48.27939,-102.37721,MOUNTRAIL_23,ND,98,800,0
48.28589,-101.94237,MOUNTRAIL_24,ND,98,800,0
48.28917,-102.07174,MOUNTRAIL_25,ND,98,800,0
48.31132,-102.49995,MOUNTRAIL_26,ND,98,800,0
48.32571,-102.60217,MOUNTRAIL_27,ND,98,800,0
48.35462,-101.97414,MOUNTRAIL_28,ND,98,800,0
48.36040,-102.07192,MOUNTRAIL_29,ND,98,800,0
48.37140,-102.17366,MOUNTRAIL_30,ND,98,800,0
48.38428,-102.40183,MOUNTRAIL_31,ND,98,800,0
48.41712,-102.46649,MOUNTRAIL_32,ND,98,800,0
48.41973,-102.01847,MOUNTRAIL_33,ND,98,800,0
48.44762,-102.10517,MOUNTRAIL_34,ND,98,800,0
48.45736,-102.41004,MOUNTRAIL_35,ND,98,800,0
48.46676,-102.21068,MOUNTRAIL_36,ND,98,800,0
48.48738,-102.01887,MOUNTRAIL_37,ND,98,800,0
48.54441,-102.41041,MOUNTRAIL_38,ND,98,800,0
48.54490,-102.27949,MOUNTRAIL_39,ND,98,800,0
47.97452,-102.22263,MOUNTRAIL_40,ND,98,200,0
48.11980,-101.96060,MOUNTRAIL_41,ND,98,200,0
48.34502,-102.30468,MOUNTRAIL_42,ND,98,200,0
48.72460,-97.89970,PEMBINA_01,ND,98,200,1060
48.50392,-101.74079,RENVILLE_01,ND,98,800,0
48.57734,-101.71075,RENVILLE_02,ND,98,800,0
48.61993,-101.81270,RENVILLE_03,ND,98,800,0
48.62221,-101.60213,RENVILLE_04,ND,98,800,0
48.64965,-101.71371,RENVILLE_05,ND,98,800,0
48.69202,-101.63097,RENVILLE_06,ND,98,800,0
48.70297,-101.51842,RENVILLE_07,ND,98,800,0
48.74507,-101.82631,RENVILLE_08,ND,98,800,0
48.74597,-101.97619,RENVILLE_09,ND,98,800,0
48.76495,-101.71040,RENVILLE_10,ND,98,800,0
48.80570,-101.91370,RENVILLE_11,ND,98,800,0
48.81872,-101.77937,RENVILLE_12,ND,98,800,0
48.82555,-101.63009,RENVILLE_13,ND,98,800,0
48.82696,-101.52010,RENVILLE_14,ND,98,800,0
48.88868,-101.56429,RENVILLE_15,ND,98,800,0
48.75960,-101.59208,RENVILLE_16,ND,98,200,0
47.83421,-100.51613,SHERIDAN_01,ND,98,800,0
47.86108,-101.58643,WARD_01,ND,98,800,0
47.86112,-101.76184,WARD_02,ND,98,800,0
47.86119,-101.46384,WARD_03,ND,98,800,0
47.86422,-101.35019,WARD_04,ND,98,800,0
47.87413,-101.20910,WARD_05,ND,98,800,0
47.88710,-101.08113,WARD_06,ND,98,800,0
47.91534,-101.29649,WARD_07,ND,98,800,0
47.91885,-101.84479,WARD_08,ND,98,800,0
47.92181,-101.52179,WARD_09,ND,98,800,0
47.95085,-101.07360,WARD_10,ND,98,800,0
47.96545,-101.67705,WARD_11,ND,98,800,0
47.97655,-101.79237,WARD_12,ND,98,800,0
47.97949,-100.98044,WARD_13,ND,98,800,0
47.97974,-101.57654,WARD_14,ND,98,800,0
48.05117,-101.85494,WARD_15,ND,98,800,0
48.05310,-101.74305,WARD_16,ND,98,800,0
48.11934,-101.85907,WARD_17,ND,98,800,0
48.32578,-101.76971,WARD_18,ND,98,800,0
48.34775,-101.87638,WARD_19,ND,98,800,0
48.38929,-101.73241,WARD_20,ND,98,800,0
48.40985,-101.31077,WARD_21,ND,98,800,0
48.41577,-101.35804,WARD_22,ND,98,800,0
48.45559,-101.81986,WARD_23,ND,98,800,0
48.49193,-101.90657,WARD_24,ND,98,800,0
48.54962,-101.84436,WARD_25,ND,98,800,0
48.55846,-102.01517,WARD_26,ND,98,800,0
48.61771,-102.20926,WARD_27,ND,98,800,0
48.61969,-102.10690,WARD_28,ND,98,800,0
48.61978,-101.94884,WARD_29,ND,98,800,0
48.67774,-102.01296,WARD_30,ND,98,800,0
48.69222,-102.12352,WARD_31,ND,98,800,0
48.76231,-102.07508,WARD_32,ND,98,800,0
47.89619,-101.67418,WARD_33,ND,98,200,0
48.41230,-101.89149,WARD_34,ND,98,200,0
48.55067,-102.12041,WARD_35,ND,98,200,0
48.67299,-101.88189,WARD_36,ND,98,200,0
48.40985,-101.31077,WARD_37,ND,98,200,0
48.41577,-101.35804,WARD_38,ND,98,200,0
48.25764,-101.27803,WARD_39,ND,98,100,0
41.42121,-103.97727,BANNER_01,NE,98,800,0
41.42359,-103.77145,BANNER_02,NE,98,800,0
41.43774,-103.66127,BANNER_03,NE,98,800,0
41.46505,-103.42738,BANNER_04,NE,98,800,0
41.47266,-103.88800,BANNER_05,NE,98,800,0
41.48262,-103.58177,BANNER_06,NE,98,800,0
41.48645,-103.79156,BANNER_07,NE,98,800,0
41.51184,-103.49463,BANNER_08,NE,98,800,0
41.51661,-103.65641,BANNER_09,NE,98,800,0
41.53542,-103.90700,BANNER_10,NE,98,800,0
41.58117,-103.80299,BANNER_11,NE,98,800,0
41.58226,-103.55366,BANNER_12,NE,98,800,0
41.63895,-103.84313,BANNER_13,NE,98,800,0
41.63904,-103.94525,BANNER_14,NE,98,800,0
41.63952,-103.75115,BANNER_15,NE,98,800,0
41.64649,-103.52024,BANNER_16,NE,98,800,0
41.68290,-103.67507,BANNER_17,NE,98,800,0
41.51154,-103.99463,BANNER_18,NE,98,200,0
41.58046,-103.67388,BANNER_19,NE,98,200,0
41.02071,-103.27679,CHEYENNE_01,NE,98,800,0
41.02674,-103.05827,CHEYENNE_02,NE,98,800,0
41.04048,-102.96677,CHEYENNE_03,NE,98,800,0
41.04655,-103.15532,CHEYENNE_04,NE,98,800,0
41.04882,-102.77428,CHEYENNE_05,NE,98,800,0
41.04889,-102.68902,CHEYENNE_06,NE,98,800,0
41.07851,-103.31677,CHEYENNE_07,NE,98,800,0
41.09018,-103.22841,CHEYENNE_08,NE,98,800,0
41.09349,-103.03093,CHEYENNE_09,NE,98,800,0
41.10062,-102.91759,CHEYENNE_10,NE,98,800,0
41.10693,-102.83178,CHEYENNE_11,NE,98,800,0
41.12154,-102.72628,CHEYENNE_12,NE,98,800,0
41.14767,-103.10930,CHEYENNE_13,NE,98,800,0
41.17730,-103.22099,CHEYENNE_14,NE,98,800,0
41.17909,-102.91461,CHEYENNE_15,NE,98,800,0
41.18591,-102.72347,CHEYENNE_16,NE,98,800,0
41.19507,-103.32241,CHEYENNE_17,NE,98,800,0
41.20809,-102.81913,CHEYENNE_18,NE,98,800,0
41.22370,-102.99450,CHEYENNE_19,NE,98,800,0
41.23528,-102.66879,CHEYENNE_20,NE,98,800,0
41.25049,-102.91389,CHEYENNE_21,NE,98,800,0
41.25205,-103.26188,CHEYENNE_22,NE,98,800,0
41.26618,-102.78094,CHEYENNE_23,NE,98,800,0
41.27814,-103.16847,CHEYENNE_24,NE,98,800,0
41.28826,-103.08320,CHEYENNE_25,NE,98,800,0
41.29137,-102.99716,CHEYENNE_26,NE,98,800,0
41.31049,-102.68809,CHEYENNE_27,NE,98,800,0
41.32204,-103.24300,CHEYENNE_28,NE,98,800,0
41.32366,-102.91711,CHEYENNE_29,NE,98,800,0
41.33732,-103.33981,CHEYENNE_30,NE,98,800,0
41.35298,-103.12875,CHEYENNE_31,NE,98,800,0
41.35338,-103.03946,CHEYENNE_32,NE,98,800,0
41.36551,-102.75160,CHEYENNE_33,NE,98,800,0
41.39409,-102.96169,CHEYENNE_34,NE,98,800,0
41.39635,-102.86963,CHEYENNE_35,NE,98,800,0
41.40191,-103.38590,CHEYENNE_36,NE,98,800,0
41.40680,-103.57257,CHEYENNE_37,NE,98,800,0
41.04552,-102.86571,CHEYENNE_38,NE,98,200,0
41.20853,-103.09644,CHEYENNE_39,NE,98,200,0
41.32513,-102.82936,CHEYENNE_40,NE,98,200,0
41.61005,-96.61903,DODGE_01,NE,98,200,1060
41.30317,-95.89406,DOUGLAS_01,NE,98,200,0
41.25916,-95.94184,DOUGLAS_02,NE,98,200,1060
41.34653,-96.24406,DOUGLAS_03,NE,98,200,1060
40.96754,-98.30964,HALL_01,NE,98,200,0
41.03381,-103.98722,KIMBALL_01,NE,98,800,0
41.03857,-103.89531,KIMBALL_02,NE,98,800,0
41.03965,-103.40279,KIMBALL_03,NE,98,800,0
41.06103,-103.70276,KIMBALL_04,NE,98,800,0
41.06115,-103.48876,KIMBALL_05,NE,98,800,0
41.06931,-103.81506,KIMBALL_06,NE,98,800,0
41.07729,-103.59581,KIMBALL_07,NE,98,800,0
41.10389,-103.89423,KIMBALL_08,NE,98,800,0
41.10763,-103.39652,KIMBALL_09,NE,98,800,0
41.12096,-103.66469,KIMBALL_10,NE,98,800,0
41.13480,-103.76116,KIMBALL_11,NE,98,800,0
41.17530,-103.93242,KIMBALL_12,NE,98,800,0
41.17633,-103.83948,KIMBALL_13,NE,98,800,0
41.17790,-103.41324,KIMBALL_14,NE,98,800,0
41.19095,-103.58546,KIMBALL_15,NE,98,800,0
41.21847,-103.49178,KIMBALL_16,NE,98,800,0
41.25781,-103.89404,KIMBALL_17,NE,98,800,0
41.26338,-103.58720,KIMBALL_18,NE,98,800,0
41.26678,-103.77663,KIMBALL_19,NE,98,800,0
41.27893,-103.97815,KIMBALL_20,NE,98,800,0
41.28055,-103.39482,KIMBALL_21,NE,98,800,0
41.29130,-103.47945,KIMBALL_22,NE,98,800,0
41.29506,-103.66157,KIMBALL_23,NE,98,800,0
41.32289,-103.89412,KIMBALL_24,NE,98,800,0
41.33149,-103.58479,KIMBALL_25,NE,98,800,0
41.34287,-103.98649,KIMBALL_26,NE,98,800,0
41.36297,-103.66098,KIMBALL_27,NE,98,800,0
41.38873,-103.89395,KIMBALL_28,NE,98,800,0
41.10288,-103.98345,KIMBALL_29,NE,98,200,0
41.13672,-103.48847,KIMBALL_30,NE,98,200,0
41.36165,-103.79402,KIMBALL_31,NE,98,200,0
41.36374,-103.48886,KIMBALL_32,NE,98,200,0
40.84578,-96.76174,LANCASTER_01,NE,98,200,0
40.81680,-96.70308,LANCASTER_02,NE,98,200,1060
41.15078,-100.84166,LINCOLN_01,NE,98,100,0
40.36293,-95.64347,NEMAHA_01,NE,98,250,0
41.11933,-95.90852,SARPY_01,NE,98,200,0
41.11597,-95.92289,SARPY_02,NE,98,200,1060
42.07903,-97.36117,STANTON_01,NE,98,100,840
41.52120,-96.07971,WASHINGTON_01,NE,98,250,0
42.94610,-71.62887,HILLSBOROUGH_01,NH,98,200,1060
42.73548,-71.48050,HILLSBOROUGH_02,NH,98,200,1060
42.99232,-71.46223,HILLSBOROUGH_03,NH,98,200,1060
42.93796,-71.43747,HILLSBOROUGH_04,NH,98,100,0
42.70491,-71.43158,HILLSBOROUGH_05,NH,98,100,840
43.20690,-71.53798,MERRIMACK_01,NH,98,100,840
43.20727,-71.47936,MERRIMACK_02,NH,98,100,840
43.07794,-70.82328,ROCKINGHAM_01,NH,98,200,0
42.89732,-70.85632,ROCKINGHAM_02,NH,98,250,0
39.45758,-74.57717,ATLANTIC_01,NJ,98,200,0
40.82881,-74.09555,BERGEN_01,NJ,98,100,840
40.91080,-74.07610,BERGEN_02,NJ,98,200,1060
40.01848,-74.60160,BURLINGTON_01,NJ,98,200,0
40.01505,-74.58324,BURLINGTON_02,NJ,98,200,0
39.94472,-75.11748,CAMDEN_01,NJ,98,200,1060
39.74450,-74.91380,CAMDEN_02,NJ,98,200,1060
40.73481,-74.17786,ESSEX_01,NJ,98,100,840
40.69248,-74.16869,ESSEX_02,NJ,98,100,0
39.84157,-75.25717,GLOUCESTER_01,NJ,98,100,840
40.67845,-74.07807,HUDSON_01,NJ,98,100,840
40.22055,-74.76993,MERCER_01,NJ,98,200,1060
40.20867,-74.68585,MERCER_02,NJ,98,200,1060
40.34309,-74.65507,MERCER_03,NJ,98,100,840
40.26849,-74.83424,MERCER_04,NJ,98,100,840
40.27687,-74.81185,MERCER_05,NJ,98,100,0
40.45658,-74.32865,MIDDLESEX_01,NJ,98,100,840
40.50084,-74.44742,MIDDLESEX_02,NJ,98,100,840
40.25365,-74.15796,MONMOUTH_01,NJ,98,200,1060
40.44090,-74.05954,MONMOUTH_02,NJ,98,200,1060
40.25054,-74.29070,MONMOUTH_03,NJ,98,200,1060
40.15704,-74.10157,MONMOUTH_04,NJ,98,100,840
40.12956,-74.04282,MONMOUTH_05,NJ,98,100,0
40.16070,-74.05301,MONMOUTH_06,NJ,98,100,0
40.93334,-74.57041,MORRIS_01,NJ,98,200,1060
40.81353,-74.46664,MORRIS_02,NJ,98,200,1060
39.81501,-74.20341,OCEAN_01,NJ,98,250,0
40.03345,-74.35364,OCEAN_02,NJ,98,200,0
40.09343,-74.21356,OCEAN_03,NJ,98,100,840
39.61509,-74.32890,OCEAN_04,NJ,98,100,0
40.91706,-74.17196,PASSAIC_01,NJ,98,100,840
39.47035,-75.53801,SALEM_01,NJ,98,250,0
39.69061,-75.50055,SALEM_02,NJ,98,100,840
40.66367,-74.21194,UNION_01,NJ,98,100,840
43.08011,-70.73425,YORK_01,NJ,98,200,1060
35.08521,-106.65087,BERNALILLO_01,NM,98,200,1060
35.00876,-106.54942,BERNALILLO_02,NM,98,200,0
35.04427,-106.60195,BERNALILLO_03,NM,98,100,0
35.17351,-106.56737,BERNALILLO_04,NM,98,200,1060
35.01910,-106.81697,BERNALILLO_05,NM,98,100,0
35.00876,-106.54942,BERNALILLO_06,NM,98,200,0
33.29954,-104.52070,CHAVES_01,NM,98,100,0
34.38277,-103.32215,CURRY_01,NM,98,100,0
32.54348,-106.61259,DONA ANA_01,NM,98,200,1060
32.50070,-106.60860,DONA ANA_02,NM,98,200,1060
32.37962,-106.48034,DONA ANA_03,NM,98,200,1060
32.31469,-106.77920,DONA ANA_04,NM,98,100,840
32.84672,-104.39457,EDDY_01,NM,98,100,840
32.43527,-103.07890,LEA_01,NM,98,100,840
35.86368,-106.30279,LOS ALAMOS_01,NM,98,200,1060
35.87320,-106.32281,LOS ALAMOS_02,NM,98,200,1060
32.85186,-106.10854,OTERO_01,NM,98,100,0
35.68229,-105.93965,SANTA FE_01,NM,98,200,1060
35.61711,-106.08942,SANTA FE_02,NM,98,200,0
35.56951,-106.08890,SANTA FE_03,NM,98,100,840
39.16592,-119.73895,CARSON CITY (IC)_01,NV,98,200,1060
39.41783,-118.69859,CHURCHILL_01,NV,98,200,0
36.16751,-115.14837,CLARK_02,NV,98,100,840
36.08004,-115.15223,CLARK_03,NV,98,100,0
36.58634,-115.67737,CLARK_04,NV,98,100,0
36.23620,-115.03426,CLARK_05,NV,98,200,0
36.01622,-114.73726,CLARK_06,NV,98,250,0
37.23309,-115.79959,LINCOLN_01,NV,98,200,0
38.52427,-118.62350,MINERAL_01,NV,98,200,1060
37.79884,-116.78075,NYE_01,NV,98,200,0
39.49911,-119.76811,WASHOE_01,NV,98,100,0
39.66818,-119.87644,WASHOE_02,NV,98,200,0
39.52615,-119.81266,WASHOE_03,NV,98,100,840
42.71949,-73.70730,ALBANY_01,NY,98,200,1060
42.67991,-73.80974,ALBANY_02,NY,98,200,1060
42.65117,-73.75681,ALBANY_03,NY,98,200,1060
42.74911,-73.80197,ALBANY_04,NY,98,200,1060
40.86204,-73.88570,BRONX_01,NY,98,100,840
42.44646,-78.65245,CATTARAUGUS_01,NY,98,250,0
44.65094,-73.46814,CLINTON_01,NY,98,200,0
42.88980,-78.86038,ERIE_01,NY,98,200,1060
42.98050,-78.90432,ERIE_02,NY,98,100,840
42.94042,-78.72964,ERIE_03,NY,98,100,0
42.80373,-78.64994,ERIE_04,NY,98,100,840
44.05908,-75.72046,JEFFERSON_01,NY,98,200,0
44.03862,-75.77958,JEFFERSON_02,NY,98,200,1060
40.65945,-74.01110,KINGS_01,NY,98,100,840
40.70777,-73.94802,KINGS_02,NY,98,100,840
43.15672,-77.61639,MONROE_01,NY,98,200,1060
43.12290,-77.67411,MONROE_02,NY,98,200,0
40.74044,-73.60473,NASSAU_01,NY,98,200,1060
40.61417,-73.64726,NASSAU_02,NY,98,100,0
40.74743,-73.97544,NEW YORK_01,NY,98,200,1060
40.76726,-73.99094,NEW YORK_02,NY,98,800,1690
40.71659,-74.00605,NEW YORK_03,NY,98,200,1060
43.10953,-78.94468,NIAGARA_01,NY,98,200,0
43.21685,-75.40573,ONEIDA_01,NY,98,200,1060
43.11119,-76.10631,ONONDAGA_01,NY,98,200,0
43.05004,-76.14912,ONONDAGA_02,NY,98,100,840
43.10982,-76.18837,ONONDAGA_03,NY,98,100,840
41.36146,-74.02476,ORANGE_01,NY,98,200,1060
41.50490,-74.10482,ORANGE_02,NY,98,200,0
43.51981,-76.41262,OSWEGO_01,NY,98,250,0
43.52107,-76.39972,OSWEGO_02,NY,98,250,0
40.63993,-73.77869,QUEENS_01,NY,98,100,0
40.77725,-73.87261,QUEENS_02,NY,98,100,0
42.85256,-73.92897,SCHENECTADY_01,NY,98,200,0
40.78722,-73.22172,SUFFOLK_01,NY,98,200,1060
40.78403,-73.09699,SUFFOLK_02,NY,98,200,0
40.84201,-72.63215,SUFFOLK_03,NY,98,200,0
40.91464,-73.12174,SUFFOLK_04,NY,98,100,840
40.79091,-72.94707,SUFFOLK_05,NY,98,100,0
40.87028,-72.87721,SUFFOLK_06,NY,98,100,840
40.91954,-73.33368,SUFFOLK_07,NY,98,100,0
40.77291,-72.86828,SUFFOLK_08,NY,98,100,0
40.84365,-72.88335,SUFFOLK_09,NY,98,100,0
42.10330,-76.22014,TIOGA_01,NY,98,100,840
42.44818,-76.47915,TOMPKINS_01,NY,98,100,840
43.27852,-77.31166,WAYNE_01,NY,98,250,0
41.27164,-73.95024,WESTCHESTER_01,NY,98,250,0
40.93214,-73.89797,WESTCHESTER_02,NY,98,100,840
41.03489,-73.76697,WESTCHESTER_03,NY,98,200,1060
40.71805,-84.12691,ALLEN_01,OH,98,200,1060
39.48337,-84.37482,BUTLER_01,OH,98,100,840
39.84028,-83.84017,CLARK_01,OH,98,200,0
39.42792,-83.79211,CLINTON_01,OH,98,100,0
41.50208,-81.69023,CUYAHOGA_01,OH,98,200,1060
41.40942,-81.85469,CUYAHOGA_02,OH,98,200,0
41.50282,-81.62172,CUYAHOGA_03,OH,98,100,840
41.46533,-81.67449,CUYAHOGA_04,OH,98,100,840
39.99695,-82.89216,FRANKLIN_01,OH,98,200,0
39.81378,-82.92781,FRANKLIN_02,OH,98,200,0
40.00667,-83.03046,FRANKLIN_03,OH,98,100,840
39.96140,-82.99905,FRANKLIN_04,OH,98,100,840
40.08869,-83.06954,FRANKLIN_05,OH,98,100,840
41.56881,-84.04732,FULTON_01,OH,98,100,840
39.82783,-84.04588,GREENE_01,OH,98,200,0
39.80092,-84.05071,GREENE_02,OH,98,200,1060
39.10279,-84.51726,HAMILTON_01,OH,98,100,840
39.24487,-84.44311,HAMILTON_02,OH,98,100,840
40.93804,-83.87917,HANCOCK_01,OH,98,200,0
41.80056,-81.14195,LAKE_01,OH,98,250,0
40.02034,-82.47130,LICKING_01,OH,98,100,840
41.29729,-82.20642,LORAIN_01,OH,98,200,1060
41.45008,-82.13547,LORAIN_02,OH,98,100,840
41.65562,-83.53475,LUCAS_01,OH,98,100,840
41.58863,-83.80780,LUCAS_02,OH,98,200,0
41.67889,-83.45344,LUCAS_03,OH,98,100,840
41.12575,-80.68421,MAHONING_01,OH,98,100,840
39.11783,-81.74317,MEIGS_01,OH,98,250,0
39.76073,-84.19620,MONTGOMERY_01,OH,98,100,840
39.90225,-84.21942,MONTGOMERY_02,OH,98,100,0
39.94444,-81.89208,MUSKINGUM_01,OH,98,200,0
41.59572,-83.08700,OTTAWA_01,OH,98,250,0
40.82034,-82.51255,RICHLAND_01,OH,98,200,0
40.77340,-81.41524,STARK_01,OH,98,100,840
40.80374,-81.33345,STARK_02,OH,98,100,840
41.08157,-81.52084,SUMMIT_01,OH,98,100,840
41.03750,-81.46692,SUMMIT_02,OH,98,100,0
41.26293,-80.67917,TRUMBULL_01,OH,98,200,1060
33.83062,-96.57087,BRYAN_01,OK,98,250,0
34.20465,-97.10216,CARTER_01,OK,98,100,840
35.16114,-97.36865,CLEVELAND_01,OK,98,100,0
35.22178,-97.44667,CLEVELAND_02,OK,98,100,840
34.64983,-98.40218,COMANCHE_01,OK,98,100,0
36.33981,-97.91724,GARFIELD_01,OK,98,200,0
34.63122,-97.16880,GARVIN_01,OK,98,100,840
35.30577,-95.35894,HASKELL_01,OK,98,250,0
34.66593,-99.27366,JACKSON_01,OK,98,200,0
36.68618,-97.08652,KAY_01,OK,98,100,840
36.47224,-95.03272,MAYES_01,OK,98,250,0
35.47117,-97.51596,OKLAHOMA_01,OK,98,200,1060
35.39436,-97.39555,OKLAHOMA_02,OK,98,200,1060
35.41475,-97.38664,OKLAHOMA_03,OK,98,800,0
35.39307,-97.60076,OKLAHOMA_04,OK,98,100,0
35.49225,-97.50336,OKLAHOMA_05,OK,98,200,1060
34.84088,-95.89977,PITTSBURG_01,OK,98,100,840
36.15273,-95.98578,TULSA_01,OK,98,200,1060
36.19563,-95.88248,TULSA_02,OK,98,200,0
36.05105,-95.78965,TULSA_03,OK,98,100,840
36.11733,-96.00087,TULSA_04,OK,98,100,840
35.33984,-99.20050,WASHITA_01,OK,98,200,0
46.04165,-122.88532,COLUMBIA_01,OR,98,250,0
43.24779,-124.38379,COOS_01,OR,98,100,840
43.41694,-124.24703,COOS_02,OR,98,100,0
44.02579,-121.12828,DESCHUTES_01,OR,98,200,1060
42.15614,-121.73320,KLAMATH_01,OR,98,200,1060
44.05200,-123.09038,LANE_01,OR,98,100,840
44.07288,-123.13484,LANE_02,OR,98,100,840
44.93847,-123.03039,MARION_01,OR,98,100,840
44.91207,-123.00332,MARION_02,OR,98,100,0
45.51196,-122.67626,MULTNOMAH_01,OR,98,200,1060
45.58871,-122.59687,MULTNOMAH_02,OR,98,200,0
45.56552,-122.72087,MULTNOMAH_03,OR,98,100,840
45.64148,-123.93790,TILLAMOOK_01,OR,98,100,0
45.21456,-123.96770,TILLAMOOK_02,OR,98,100,0
45.23162,-123.95772,TILLAMOOK_03,OR,98,100,0
45.69531,-118.84771,UMATILLA_01,OR,98,200,0
45.79688,-119.27281,UMATILLA_02,OR,98,100,0
45.52203,-122.98907,WASHINGTON_01,OR,98,100,840
45.53766,-122.89290,WASHINGTON_02,OR,98,100,0
45.54459,-122.88216,WASHINGTON_03,OR,98,100,0
44.60059,-120.02322,WHEELER_01,OR,98,100,0
39.73728,-77.42624,ADAMS_01,PA,98,250,0
39.73869,-77.41325,ADAMS_02,PA,98,250,0
40.44177,-79.85024,ALLEGHENY_01,PA,98,100,840
40.48766,-79.91475,ALLEGHENY_02,PA,98,250,0
40.39097,-79.85781,ALLEGHENY_03,PA,98,250,0
40.44186,-79.99571,ALLEGHENY_04,PA,98,200,1060
40.49142,-80.23269,ALLEGHENY_05,PA,98,200,1060
40.44667,-79.94994,ALLEGHENY_06,PA,98,100,840
40.62060,-80.43522,BEAVER_01,PA,98,250,0
40.29720,-78.31998,BLAIR_01,PA,98,100,0
40.84525,-79.92134,BUTLER_01,PA,98,100,840
40.31556,-78.83467,CAMBRIA_01,PA,98,200,0
40.85000,-77.84758,CENTRE_01,PA,98,200,1060
40.79821,-77.85991,CENTRE_02,PA,98,100,840
39.97199,-75.82195,CHESTER_01,PA,98,100,840
39.97897,-75.86547,CHESTER_02,PA,98,100,0
40.20751,-77.16938,CUMBERLAND_01,PA,98,200,1060
40.22751,-76.98647,CUMBERLAND_02,PA,98,200,1060
40.26223,-76.88519,DAUPHIN_01,PA,98,200,1060
40.19319,-76.76262,DAUPHIN_02,PA,98,200,0
40.31173,-76.84501,DAUPHIN_03,PA,98,100,840
40.04532,-75.39073,DELAWARE_01,PA,98,200,1060
39.87208,-75.24066,DELAWARE_02,PA,98,200,0
39.82213,-75.40365,DELAWARE_03,PA,98,100,840
40.00175,-77.64349,FRANKLIN_01,PA,98,200,1060
41.17828,-78.89869,JEFFERSON_01,PA,98,100,0
41.40418,-75.66591,LACKAWANNA_01,PA,98,200,1060
41.49794,-75.56211,LACKAWANNA_02,PA,98,100,840
40.12351,-76.29277,LANCASTER_01,PA,98,100,0
40.60382,-75.46688,LEHIGH_01,PA,98,200,1060
40.65181,-75.44285,LEHIGH_02,PA,98,100,0
41.09276,-76.15152,LUZERNE_01,PA,98,250,0
41.33847,-75.72339,LUZERNE_02,PA,98,100,0
41.24167,-76.92181,LYCOMING_01,PA,98,100,0
41.19754,-75.42911,MONROE_01,PA,98,200,1060
40.22451,-75.58936,MONTGOMERY_01,PA,98,250,0
40.09047,-75.40113,MONTGOMERY_02,PA,98,100,840
39.98210,-75.08162,PHILADELPHIA_01,PA,98,100,840
39.94654,-75.18492,PHILADELPHIA_02,PA,98,200,1060
40.04130,-75.09458,PHILADELPHIA_03,PA,98,200,1060
39.90639,-75.13620,PHILADELPHIA_04,PA,98,100,840
40.68475,-76.19723,SCHUYKILL_01,PA,98,200,1060
41.83936,-79.00296,WARREN_01,PA,98,250,0
41.82872,-79.12521,WARREN_02,PA,98,100,840
40.13647,-80.29019,WASHINGTON_01,PA,98,100,0
40.27310,-79.41033,WESTMORELAND_01,PA,98,100,0
39.75331,-76.26339,YORK_01,PA,98,250,0
40.21714,-76.85136,YORK_02,PA,98,100,0
39.91700,-76.87303,YORK_03,PA,98,100,0
18.39867,-67.17719,AGUADA_01,PR,98,200,1060
18.46273,-67.06692,AGUADILLA_01,PR,98,200,1060
18.49486,-67.12944,AGUADILLA_02,PR,98,200,0
18.43940,-66.00213,CAROLINA_01,PR,98,200,0
18.00436,-66.27847,SALINAS_01,PR,98,200,1060
18.45678,-66.09847,SAN JUAN_01,PR,98,200,0
18.46662,-66.10598,SAN JUAN_02,PR,98,100,840
41.72233,-71.42772,KENT_01,RI,98,100,0
41.52338,-71.31880,NEWPORT_01,RI,98,200,1060
41.57464,-71.28024,NEWPORT_02,RI,98,100,840
41.97084,-71.57412,PROVIDENCE_01,RI,98,200,1060
41.83102,-71.41492,PROVIDENCE_02,RI,98,200,1060
41.74932,-71.46820,PROVIDENCE_03,RI,98,100,840
41.40333,-71.60472,WASHINGTON_01,RI,98,100,0
41.59714,-71.41214,WASHINGTON_02,RI,98,200,0
33.28727,-81.67629,AIKEN_01,SC,98,200,1060
33.28932,-81.64492,AIKEN_02,SC,98,200,1060
33.34390,-81.73901,AIKEN_03,SC,98,100,840
33.28545,-81.72698,AIKEN_04,SC,98,100,840
33.64939,-81.68503,AIKEN_05,SC,98,100,0
33.21206,-81.66348,BARNWELL_01,SC,98,200,1060
32.47754,-80.72310,BEAUFORT_01,SC,98,200,0
32.34933,-80.67781,BEAUFORT_02,SC,98,200,1060
33.00487,-79.88247,BERKELEY_01,SC,98,100,840
33.05242,-80.05460,BERKELEY_02,SC,98,100,840
33.05609,-79.94147,BERKELEY_03,SC,98,100,840
33.86541,-81.01223,CALHOUN_01,SC,98,100,840
32.89930,-80.03778,CHARLESTON_01,SC,98,200,0
32.90200,-79.96155,CHARLESTON_02,SC,98,100,840
32.79610,-79.93048,CHARLESTON_03,SC,98,100,840
34.40366,-80.15997,DARLINGTON_01,SC,98,250,0
34.37618,-79.89502,DARLINGTON_02,SC,98,100,840
34.29852,-81.31676,FAIRFIELD_01,SC,98,250,0
33.36797,-79.29223,GEORGETOWN_01,SC,98,100,840
34.75831,-82.37642,GREENVILLE_01,SC,98,200,1060
33.67974,-78.92832,HORRY_01,SC,98,100,0
34.05334,-81.21869,LEXINGTON_01,SC,98,250,0
33.96375,-81.05291,LEXINGTON_02,SC,98,100,840
33.91076,-81.10104,LEXINGTON_03,SC,98,100,840
34.79052,-82.89995,OCONEE_01,SC,98,250,0
34.67243,-82.85371,OCONEE_02,SC,98,250,0
34.96004,-82.91876,PICKENS_01,SC,98,250,0
34.01302,-80.93505,RICHLAND_01,SC,98,200,1060
34.00805,-81.02786,RICHLAND_02,SC,98,200,1060
33.91942,-80.80120,RICHLAND_03,SC,98,200,0
33.96902,-81.01924,RICHLAND_04,SC,98,100,840
33.88274,-80.91921,RICHLAND_05,SC,98,100,840
34.89567,-82.21886,SPARTANBURG_01,SC,98,100,0
33.97272,-80.47056,SUMTER_01,SC,98,100,0
35.05542,-81.06930,YORK_01,SC,98,250,0
44.36713,-100.34604,HUGHES_01,SD,98,100,840
44.14509,-103.10357,MEADE_01,SD,98,200,0
43.58560,-96.74118,MINNEHAHA_01,SD,98,200,1060
43.54765,-96.72936,MINNEHAHA_02,SD,98,100,840
44.08009,-103.26690,PENNINGTON_01,SD,98,100,840
44.04372,-103.05748,PENNINGTON_02,SD,98,100,0
35.98697,-84.25606,ANDERSON_01,TN,98,200,1060
36.22457,-84.09170,ANDERSON_02,TN,98,250,0
35.80891,-84.00537,BLOUNT_01,TN,98,200,1060
35.80937,-83.99532,BLOUNT_02,TN,98,200,0
35.30437,-84.79011,BRADLEY_01,TN,98,100,840
36.32121,-87.22276,CHEATHAM_01,TN,98,250,0
35.38000,-86.04530,COFFEE_01,TN,98,200,1060
36.16385,-86.77677,DAVIDSON_01,TN,98,100,840
36.09808,-86.75845,DAVIDSON_02,TN,98,200,1060
36.12448,-86.67818,DAVIDSON_03,TN,98,200,0
36.09756,-85.82609,DEKALB_01,TN,98,250,0
35.87368,-88.70633,GIBSON_01,TN,98,200,1060
35.04352,-85.30744,HAMILTON_01,TN,98,100,840
35.22396,-85.08647,HAMILTON_02,TN,98,250,0
35.12922,-85.33381,HAMILTON_03,TN,98,100,0
36.53553,-82.64011,HAWKINS_01,TN,98,200,1060
36.04276,-87.98225,HUMPHREYS_01,TN,98,100,840
36.16665,-83.49803,JEFFERSON_01,TN,98,250,0
35.96980,-83.92353,KNOX_01,TN,98,200,1060
35.60242,-88.91375,MADISON_01,TN,98,200,0
35.62144,-84.78146,MEIGS_01,TN,98,250,0
36.55867,-87.31701,MONTGOMERY_01,TN,98,100,840
35.60473,-84.79124,RHEA_01,TN,98,250,0
35.92992,-84.31043,ROANE_01,TN,98,200,1060
36.00971,-86.52028,RUTHERFORD_01,TN,98,200,1060
35.84443,-86.39305,RUTHERFORD_02,TN,98,100,840
35.96166,-83.53849,SEVIER_01,TN,98,250,0
35.04241,-89.97668,SHELBY_02,TN,98,200,0
35.33812,-89.87069,SHELBY_03,TN,98,200,1060
35.14501,-90.04910,SHELBY_04,TN,98,200,1060
35.07728,-90.07947,SHELBY_05,TN,98,100,840
31.06725,-97.82892,BELL_01,TX,98,100,0
29.44748,-98.64070,BEXAR_01,TX,98,100,840
29.42961,-98.48914,BEXAR_02,TX,98,200,1060
29.53396,-98.46906,BEXAR_03,TX,98,100,0
29.38423,-98.58112,BEXAR_04,TX,98,200,0
29.34733,-98.46021,BEXAR_05,TX,98,100,840
29.53236,-98.28029,BEXAR_06,TX,98,800,1690
29.37877,-98.65155,BEXAR_07,TX,98,200,1060
33.45571,-94.31331,BOWIE_01,TX,98,200,1060
28.98734,-95.37730,BRAZORIA_01,TX,98,100,840
28.91731,-95.37741,BRAZORIA_02,TX,98,100,0
28.89637,-95.38829,BRAZORIA_03,TX,98,250,0
29.24232,-95.20360,BRAZORIA_04,TX,98,100,840
29.07397,-95.75104,BRAZORIA_05,TX,98,100,840
30.61673,-96.34366,BRAZOS_01,TX,98,100,840
25.91677,-97.49042,CAMERON_01,TX,98,100,840
35.33064,-101.57161,CARSON_01,TX,98,200,0
35.30912,-101.55870,CARSON_02,TX,98,100,840
33.02129,-96.69840,COLLIN_01,TX,98,100,840
33.10040,-96.67350,COLLIN_02,TX,98,200,1060
33.15004,-96.83455,COLLIN_03,TX,98,200,1060
33.19898,-96.61476,COLLIN_04,TX,98,200,1060
31.15127,-97.75143,CORYELL_01,TX,98,800,1690
32.91373,-96.63610,DALLAS_01,TX,98,100,840
32.74709,-97.00714,DALLAS_02,TX,98,100,840
32.84594,-96.85088,DALLAS_03,TX,98,100,0
32.78609,-96.78944,DALLAS_04,TX,98,200,1060
32.97643,-96.88915,DALLAS_05,TX,98,100,840
32.77395,-96.59997,DALLAS_06,TX,98,100,840
33.04326,-97.02309,DENTON_01,TX,98,100,840
33.22199,-97.08849,DENTON_02,TX,98,200,1060
33.21275,-97.14234,DENTON_03,TX,98,100,840
31.84898,-102.37507,ECTOR_01,TX,98,100,840
31.80273,-106.39523,EL PASO_01,TX,98,100,0
31.84953,-106.38005,EL PASO_02,TX,98,200,0
31.76196,-106.48511,EL PASO_03,TX,98,200,1060
31.76964,-106.40332,EL PASO_04,TX,98,100,840
32.31049,-96.59320,ELLIS_01,TX,98,100,0
32.45813,-97.03619,ELLIS_02,TX,98,100,840
29.59513,-95.62158,FORT BEND_01,TX,98,100,840
29.37401,-94.92736,GALVESTON_01,TX,98,100,840
29.57720,-98.03269,GUADALUPE_01,TX,98,100,840
29.72155,-95.12738,HARRIS_01,TX,98,200,1060
29.74586,-95.01188,HARRIS_02,TX,98,200,1060
29.71525,-95.23315,HARRIS_03,TX,98,100,840
29.72232,-95.25474,HARRIS_04,TX,98,100,840
29.81888,-95.28880,HARRIS_05,TX,98,100,840
29.79220,-95.30057,HARRIS_06,TX,98,100,840
29.67923,-94.99737,HARRIS_07,TX,98,100,840
29.74912,-95.36566,HARRIS_08,TX,98,800,1690
29.98444,-95.34144,HARRIS_09,TX,98,100,0
29.64542,-95.27889,HARRIS_10,TX,98,200,0
29.60733,-95.15875,HARRIS_11,TX,98,200,0
26.19713,-98.23503,HIDALGO_01,TX,98,100,840
32.27068,-101.41902,HOWARD_01,TX,98,100,840
33.06783,-96.06533,HUNT_01,TX,98,200,0
35.69727,-101.36540,HUTCHINSON_01,TX,98,100,840
30.06916,-94.07050,JEFFERSON_01,TX,98,100,840
29.88550,-93.96677,JEFFERSON_02,TX,98,100,840
30.08156,-94.09451,JEFFERSON_03,TX,98,100,840
29.74959,-94.24363,JEFFERSON_04,TX,98,100,0
29.96016,-93.88862,JEFFERSON_05,TX,98,100,840
27.50451,-97.80829,KLEBERG_02,TX,98,200,1060
31.35045,-96.16592,LEON_01,TX,98,100,840
28.45800,-98.18720,LIVE OAK_01,TX,98,100,840
33.58307,-101.85356,LUBBOCK_01,TX,98,100,840
33.59499,-102.04215,LUBBOCK_02,TX,98,200,0
28.79574,-96.05223,MATAGORA_01,TX,98,250,0
28.68339,-95.97299,MATAGORA_02,TX,98,250,0
31.55880,-97.12955,MCLENNAN_01,TX,98,100,840
31.63929,-97.07319,MCLENNAN_02,TX,98,100,0
31.97699,-102.07930,MIDLAND_01,TX,98,100,0
31.99673,-102.07852,MIDLAND_02,TX,98,200,1060
31.94301,-102.20389,MIDLAND_03,TX,98,200,0
35.95416,-101.87974,MOORE_01,TX,98,100,840
27.77219,-97.50242,NUECES_01,TX,98,100,0
27.69270,-97.29038,NUECES_02,TX,98,200,0
27.81794,-97.50719,NUECES_03,TX,98,100,840
27.80624,-97.42306,NUECES_04,TX,98,100,840
27.79586,-97.40421,NUECES_05,TX,98,100,840
30.05444,-93.75407,ORANGE_01,TX,98,100,840
35.20692,-101.83118,POTTER_01,TX,98,200,1060
35.21936,-101.70592,POTTER_02,TX,98,200,0
32.91165,-96.41918,ROCKWALL_01,TX,98,100,840
27.87963,-97.24326,SAN PATRICIO_01,TX,98,100,840
32.36268,-95.28047,SMITH_01,TX,98,100,840
32.29487,-97.77646,SOMERVELL_01,TX,98,250,0
32.73604,-97.10774,TARRANT_01,TX,98,100,840
32.74985,-97.32960,TARRANT_02,TX,98,200,1060
32.89723,-97.03769,TARRANT_03,TX,98,800,0
32.76919,-97.44153,TARRANT_04,TX,98,200,0
32.83054,-97.06657,TARRANT_05,TX,98,200,1060
32.72251,-97.37897,TARRANT_06,TX,98,100,840
32.80593,-97.16053,TARRANT_07,TX,98,100,840
32.41896,-99.85421,TAYLOR_01,TX,98,200,0
32.44837,-99.72857,TAYLOR_02,TX,98,100,840
31.43218,-100.40439,TOM GREEN_01,TX,98,200,1060
30.27159,-97.74256,TRAVIS_01,TX,98,100,840
30.19453,-97.66988,TRAVIS_02,TX,98,100,0
30.39206,-97.90723,TRAVIS_03,TX,98,250,0
30.32709,-97.72265,TRAVIS_04,TX,98,100,840
29.35939,-100.77791,VAL VERDE_01,TX,98,100,0
28.67946,-96.94999,VICTORIA_01,TX,98,100,840
27.50750,-99.50691,WEBB_01,TX,98,100,840
33.98880,-98.49190,WICHITA_01,TX,98,200,0
30.50843,-97.67666,WILLIAMSON_01,TX,98,100,840
19.28249,166.63666,UM-79_01,UM-79,98,200,1060
41.66398,-112.43418,BOX ELDER_01,UT,98,100,840
40.91505,-109.42183,DAGGETT_01,UT,98,250,0
40.87632,-111.90746,DAVIS_01,UT,98,100,840
41.12394,-111.97306,DAVIS_02,UT,98,200,0
40.83064,-111.92064,DAVIS_03,UT,98,100,840
40.78839,-111.97777,SALT LAKE_01,UT,98,200,0
40.67773,-112.07344,SALT LAKE_02,UT,98,100,840
40.76765,-111.88892,SALT LAKE_03,UT,98,200,1060
40.72333,-112.19611,SALT LAKE_04,UT,98,100,840
40.71430,-111.90984,SALT LAKE_05,UT,98,100,840
40.69365,-111.95849,SALT LAKE_06,UT,98,100,840
40.51617,-111.88842,SALT LAKE_07,UT,98,100,840
40.19738,-112.93505,TOOELE_01,UT,98,100,0
40.29682,-112.34299,TOOELE_02,UT,98,200,1060
40.42690,-111.93383,UTAH_01,UT,98,200,1060
40.23311,-111.66512,UTAH_02,UT,98,100,840
41.19519,-111.98737,WEBER_01,UT,98,100,840
41.26145,-112.23132,WEBER_02,UT,98,100,840
37.83386,-75.48773,ACCOMACK_01,VA,98,200,1060
38.15548,-78.41369,ALBEMARLE_01,VA,98,200,1060
38.12590,-78.28580,ALBEMARLE_02,VA,98,200,1060
38.13964,-78.45234,ALBEMARLE_03,VA,98,200,1060
38.05115,-78.49907,ALBEMARLE_04,VA,98,200,1060
38.80338,-77.10271,ALEXANDRIA (IC)_01,VA,98,100,840
38.86360,-77.08776,ARLINGTON (IC)_01,VA,98,200,1060
38.87100,-77.05596,ARLINGTON (IC)_02,VA,98,250,0
38.11799,-77.27592,CAROLINE_01,VA,98,200,1060
36.78795,-76.31016,CHESAPEAKE (IC)_01,VA,98,100,840
36.56452,-76.27058,CHESAPEAKE (IC)_02,VA,98,200,1060
36.73987,-76.24168,CHESAPEAKE (IC)_03,VA,98,200,1060
37.41877,-77.44753,CHESTERFIELD_01,VA,98,200,1060
37.40279,-77.78395,CHESTERFIELD_02,VA,98,200,0
37.50018,-77.53934,CHESTERFIELD_03,VA,98,100,840
39.06212,-77.89781,CLARKE_01,VA,98,250,0
38.45966,-77.84954,CULPEPER_02,VA,98,200,1060
37.17993,-77.44775,DINWIDDIE_01,VA,98,100,840
38.88203,-77.45101,FAIRFAX_01,VA,98,200,1060
38.95224,-77.14463,FAIRFAX_02,VA,98,200,1060
38.73604,-77.15813,FAIRFAX_03,VA,98,200,1060
38.91501,-77.42506,FAIRFAX_04,VA,98,200,1060
38.93249,-77.20520,FAIRFAX_05,VA,98,200,1060
38.75308,-77.19669,FAIRFAX_06,VA,98,200,1060
39.01050,-77.35450,FAIRFAX_07,VA,98,200,0
38.92029,-77.22976,FAIRFAX_08,VA,98,200,1060
38.84342,-77.43855,FAIRFAX_09,VA,98,100,840
38.87524,-77.30497,FAIRFAX_10,VA,98,100,840
38.95446,-77.35743,FAIRFAX_11,VA,98,100,840
38.73350,-77.82970,FAUQUIER_01,VA,98,200,0
38.70400,-77.81120,FAUQUIER_02,VA,98,200,1060
38.51950,-77.78520,FAUQUIER_03,VA,98,100,840
39.14353,-78.14444,FREDERICK_01,VA,98,100,0
37.02873,-76.34315,HAMPTON (IC)_01,VA,98,200,1060
37.08289,-76.36054,HAMPTON (IC)_02,VA,98,200,0
37.70894,-77.43664,HANOVER_01,VA,98,100,0
37.50518,-77.31974,HENRICO_01,VA,98,200,0
36.63075,-80.01833,HENRY_01,VA,98,100,0
38.32840,-77.03891,KING GEORGE_01,VA,98,200,1060
38.94744,-77.45994,LOUDON_01,VA,98,800,0
39.06005,-77.88400,LOUDON_02,VA,98,250,0
39.10164,-77.54304,LOUDON_03,VA,98,200,1060
39.26668,-77.70682,LOUDON_04,VA,98,200,1060
39.07797,-77.55750,LOUDON_05,VA,98,100,0
39.06317,-77.88913,LOUDON_06,VA,98,800,0
39.00215,-77.44377,LOUDON_07,VA,98,100,840
38.05419,-77.79445,LOUISA_01,VA,98,250,0
38.72102,-77.51510,MANASSAS (IC)_01,VA,98,100,0
37.18653,-80.54194,MONTGOMERY_01,VA,98,200,1060
37.22555,-80.42216,MONTGOMERY_02,VA,98,100,840
37.18478,-80.52110,MONTGOMERY_03,VA,98,200,0
37.15251,-76.57757,NEWPORT NEWS (IC)_01,VA,98,200,1060
37.09447,-76.48161,NEWPORT NEWS (IC)_02,VA,98,200,1060
37.13020,-76.49168,NEWPORT NEWS (IC)_03,VA,98,100,0
36.98824,-76.43718,NEWPORT NEWS (IC)_04,VA,98,200,1060
36.94331,-76.30152,NORFOLK (IC)_01,VA,98,200,1060
36.89411,-76.20042,NORFOLK (IC)_02,VA,98,200,0
36.93747,-76.28928,NORFOLK (IC)_03,VA,98,200,0
36.85325,-76.28988,NORFOLK (IC)_04,VA,98,100,840
37.06036,-77.95711,NOTTOWAY_01,VA,98,200,1060
38.30695,-77.91971,ORANGE_01,VA,98,100,840
37.04133,-79.53595,PITTSYLVANIA_01,VA,98,250,0
36.88889,-76.35906,PORTSMOUTH (IC)_01,VA,98,200,1060
37.25317,-77.33597,PRINCE GEORGE_01,VA,98,200,1060
38.52917,-77.44585,PRINCE WILLIAM_01,VA,98,100,840
38.51374,-77.30512,PRINCE WILLIAM_02,VA,98,200,1060
38.75325,-77.50372,PRINCE WILLIAM_03,VA,98,100,840
37.13735,-80.67848,PULASKI_01,VA,98,100,0
37.53883,-77.43340,RICHMOND (IC)_01,VA,98,100,840
37.27107,-79.94499,ROANOKE (IC)_01,VA,98,100,840
37.27262,-79.99935,ROANOKE (IC)_02,VA,98,100,840
37.32591,-79.97870,ROANOKE (IC)_03,VA,98,100,0
37.35379,-79.95255,ROANOKE_01,VA,98,100,840
36.83556,-81.50388,SMYTH_01,VA,98,100,840
38.39811,-77.45547,STAFFORD_01,VA,98,100,0
37.16296,-76.68610,SURRY_01,VA,98,250,0
36.82274,-76.03190,VIRGINIA BEACH (IC)_01,VA,98,200,0
36.91554,-76.15455,VIRGINIA BEACH (IC)_02,VA,98,200,1060
36.77764,-76.00709,VIRGINIA BEACH (IC)_03,VA,98,200,0
36.75414,-76.06039,VIRGINIA BEACH (IC)_04,VA,98,100,840
37.27108,-76.71629,WILLIAMSBURG (IC)_01,VA,98,100,840
37.24498,-76.58455,YORK_01,VA,98,200,1060
37.28708,-76.61427,YORK_02,VA,98,200,1060
37.31279,-76.63822,YORK_03,VA,98,200,0
18.33731,-64.97333,SAINT THOMAS_01,VI,98,100,0
44.47196,-73.15328,CHITTENDEN_01,VT,98,200,0
44.50023,-73.16434,CHITTENDEN_02,VT,98,200,1060
44.26243,-72.58051,WASHINGTON_01,VT,98,100,840
44.33181,-72.75411,WASHINGTON_02,VT,98,100,840
42.77979,-72.51370,WINDHAM_01,VT,98,250,0
46.55580,-119.55026,BENTON_01,WA,98,250,0
46.47478,-119.33673,BENTON_02,WA,98,250,0
46.34755,-119.30169,BENTON_03,WA,98,200,1060
45.62559,-122.67573,CLARK_01,WA,98,200,0
47.20474,-119.31631,GRANT_01,WA,98,200,0
48.35184,-122.65596,ISLAND_01,WA,98,200,0
48.05323,-122.72622,JEFFERSON_01,WA,98,200,1060
47.60699,-122.33480,KING_01,WA,98,800,1690
47.52997,-122.30194,KING_02,WA,98,100,0
47.44989,-122.31178,KING_03,WA,98,100,0
47.28701,-122.18838,KING_04,WA,98,200,1060
47.61446,-122.19297,KING_05,WA,98,100,840
47.49314,-122.21575,KING_06,WA,98,100,0
47.64213,-122.13357,KING_07,WA,98,100,840
47.72499,-122.71436,KITSAP_01,WA,98,250,0
47.74292,-122.73177,KITSAP_02,WA,98,250,0
47.56611,-122.54564,KITSAP_03,WA,98,200,1060
47.55577,-122.65208,KITSAP_04,WA,98,200,1060
47.69744,-122.62125,KITSAP_05,WA,98,200,1060
47.55907,-122.63532,KITSAP_06,WA,98,200,1060
47.72499,-122.71436,KITSAP_07,WA,98,200,0
47.74292,-122.73177,KITSAP_08,WA,98,200,0
47.07921,-122.58077,PIERCE_01,WA,98,100,0
47.13768,-122.47648,PIERCE_02,WA,98,100,0
47.11908,-122.56484,PIERCE_03,WA,98,200,1060
47.12184,-122.50424,PIERCE_04,WA,98,200,1060
47.25532,-122.44310,PIERCE_05,WA,98,200,1060
47.25575,-122.39516,PIERCE_06,WA,98,100,840
48.47018,-122.55945,SKAGIT_01,WA,98,100,840
47.90700,-122.28158,SNOHOMISH_01,WA,98,100,0
47.98834,-122.22328,SNOHOMISH_02,WA,98,200,1060
48.20369,-121.91699,SNOHOMISH_03,WA,98,200,1060
47.79005,-122.23665,SNOHOMISH_04,WA,98,200,1060
47.89214,-122.29653,SNOHOMISH_05,WA,98,100,0
47.61903,-117.53522,SPOKANE_01,WA,98,100,0
47.61506,-117.65581,SPOKANE_02,WA,98,200,0
47.70291,-117.57737,SPOKANE_03,WA,98,200,0
47.59304,-117.29887,SPOKANE_04,WA,98,100,0
47.65423,-117.41998,SPOKANE_05,WA,98,200,1060
47.03585,-122.90496,THURSTON_01,WA,98,100,840
48.88646,-122.73637,WHATCOM_01,WA,98,100,840
48.82928,-122.69403,WHATCOM_02,WA,98,100,840
46.69015,-92.07129,BEAR_01,WI,98,100,840
44.51355,-88.01270,BROWN_01,WI,98,100,840
44.48483,-88.13215,BROWN_02,WI,98,100,0
43.13380,-89.34162,DANE_01,WI,98,200,0
43.07474,-89.38454,DANE_02,WI,98,200,1060
43.81563,-88.47752,FOND DU LAC_01,WI,98,100,840
43.93924,-90.25316,JUNEAU_01,WI,98,200,0
44.34416,-87.53648,KEWAUNEE_01,WI,98,250,0
44.28527,-87.54581,MANITOWOC_01,WI,98,250,0
45.09933,-87.61967,MARINETTE_01,WI,98,100,840
43.04176,-87.90980,MILWAUKEE_01,WI,98,100,840
42.94461,-87.89528,MILWAUKEE_02,WI,98,200,1060
44.03337,-90.67653,MONROE_01,WI,98,200,1060
44.34472,-88.60621,OUTAGAMIE_01,WI,98,100,0
44.51290,-89.55394,PORTAGE_01,WI,98,100,840
43.05186,-88.25999,WAUKESHA_01,WI,98,100,840
39.40236,-77.98300,BERKELEY_01,WV,98,200,0
39.32645,-80.26495,HARRISON_01,WV,98,200,1060
38.24203,-81.55327,KANAWHA_01,WV,98,250,1170
38.35048,-81.63252,KANAWHA_02,WV,98,200,1060
38.37601,-81.59289,KANAWHA_03,WV,98,200,1060
38.33619,-81.61219,KANAWHA_04,WV,98,100,840
38.91818,-81.91188,MASON_01,WV,98,250,0
39.54925,-78.84573,MINERAL_01,WV,98,200,1060
39.61531,-78.76148,MINERAL_02,WV,98,100,0
40.17680,-80.64605,OHIO_01,WV,98,200,0
39.44607,-79.67099,PRESTON_01,WV,98,200,1060
38.52674,-81.91326,PUTNAM_01,WV,98,250,0
38.95450,-79.97912,RANDOLPH_01,WV,98,200,1060
39.34496,-81.43929,WOOD_01,WV,98,200,0
42.15582,-106.90839,CARBON_01,WY,98,250,0
41.77522,-107.09401,CARBON_02,WY,98,100,840
41.62918,-104.13205,GOSHEN_01,WY,98,800,0
41.63844,-104.05449,GOSHEN_02,WY,98,800,0
41.65925,-104.24221,GOSHEN_03,WY,98,800,0
41.00370,-104.06572,LARAMIE_01,WY,98,800,0
41.07027,-104.06842,LARAMIE_02,WY,98,800,0
41.08639,-104.18389,LARAMIE_03,WY,98,800,0
41.13740,-104.06132,LARAMIE_04,WY,98,800,0
41.14179,-104.88007,LARAMIE_05,WY,98,800,0
41.17349,-104.30158,LARAMIE_06,WY,98,800,0
41.21513,-104.38945,LARAMIE_07,WY,98,800,0
41.24259,-104.25235,LARAMIE_08,WY,98,800,0
41.29002,-104.34802,LARAMIE_09,WY,98,800,0
41.30293,-104.07952,LARAMIE_10,WY,98,800,0
41.31772,-104.17512,LARAMIE_11,WY,98,800,0
41.35990,-104.35022,LARAMIE_12,WY,98,800,0
41.38789,-104.07864,LARAMIE_13,WY,98,800,0
41.41748,-104.19508,LARAMIE_14,WY,98,800,0
41.41967,-104.28447,LARAMIE_15,WY,98,800,0
41.43933,-104.09098,LARAMIE_16,WY,98,800,0
41.50320,-104.12645,LARAMIE_17,WY,98,800,0
41.32911,-104.26568,LARAMIE_18,WY,98,200,0
41.14179,-104.88007,LARAMIE_19,WY,98,200,0
41.17470,-104.86372,LARAMIE_20,WY,98,200,1060
41.12735,-104.79047,LARAMIE_21,WY,98,100,840
41.14025,-104.82026,LARAMIE_22,WY,98,100,840
42.85823,-106.24281,NATRONA_01,WY,98,100,840
41.54085,-109.13263,SWEETWATER_01,WY,98,100,840
41.52373,-109.46118,SWEETWATER_02,WY,98,100,840