Latitude,Longitude,County,State/Territory,Yield (kt),HOB (m)
41.42121,-103.97727,BANNER,NE,200,100
41.42359,-103.77145,BANNER,NE,200,100
41.43774,-103.66127,BANNER,NE,200,100
41.46505,-103.42738,BANNER,NE,200,100
41.47266,-103.88800,BANNER,NE,200,100
41.48262,-103.58177,BANNER,NE,200,100
41.48645,-103.79156,BANNER,NE,200,100
41.51154,-103.99463,BANNER,NE,200,100
41.51184,-103.49463,BANNER,NE,200,100
41.51661,-103.65641,BANNER,NE,200,100
41.53542,-103.90700,BANNER,NE,200,100
41.58046,-103.67388,BANNER,NE,200,100
41.58117,-103.80299,BANNER,NE,200,100
41.58226,-103.55366,BANNER,NE,200,100
41.63895,-103.84313,BANNER,NE,200,100
41.63904,-103.94525,BANNER,NE,200,100
41.63952,-103.75115,BANNER,NE,200,100
41.64649,-103.52024,BANNER,NE,200,100
41.68290,-103.67507,BANNER,NE,200,100
41.46505,-103.42738,BANNER,NE,800,0
41.51184,-103.49463,BANNER,NE,800,0
41.64649,-103.52024,BANNER,NE,800,0
41.58226,-103.55366,BANNER,NE,800,0
41.48262,-103.58177,BANNER,NE,800,0
41.51661,-103.65641,BANNER,NE,800,0
41.43774,-103.66127,BANNER,NE,800,0
41.58046,-103.67388,BANNER,NE,800,0
41.68290,-103.67507,BANNER,NE,800,0
41.63952,-103.75115,BANNER,NE,800,0
41.42359,-103.77145,BANNER,NE,800,0
41.48645,-103.79156,BANNER,NE,800,0
41.58117,-103.80299,BANNER,NE,800,0
41.63895,-103.84313,BANNER,NE,800,0
41.47266,-103.88800,BANNER,NE,800,0
41.53542,-103.90700,BANNER,NE,800,0
41.63904,-103.94525,BANNER,NE,800,0
41.42121,-103.97727,BANNER,NE,800,0
41.51154,-103.99463,BANNER,NE,800,0
35.00876,-106.54942,BERNALILLO,NM,200,0
35.00876,-106.54942,BERNALILLO,NM,200,100
32.50193,-93.66263,BOSSIER,LA,200,0
32.50193,-93.66263,BOSSIER,LA,200,100
32.50826,-93.64213,BOSSIER,LA,200,0
32.50826,-93.64213,BOSSIER,LA,200,100
48.79417,-101.14462,BOTTINEAU,ND,800,0
48.87044,-101.21111,BOTTINEAU,ND,800,0
48.76165,-101.23733,BOTTINEAU,ND,800,0
48.96683,-101.26032,BOTTINEAU,ND,800,0
48.82455,-101.28243,BOTTINEAU,ND,800,0
48.69888,-101.30155,BOTTINEAU,ND,800,0
48.89243,-101.30724,BOTTINEAU,ND,800,0
48.76171,-101.34853,BOTTINEAU,ND,800,0
48.94845,-101.36723,BOTTINEAU,ND,800,0
48.82441,-101.38899,BOTTINEAU,ND,800,0
48.69209,-101.41083,BOTTINEAU,ND,800,0
48.89060,-101.42982,BOTTINEAU,ND,800,0
48.76488,-101.47142,BOTTINEAU,ND,800,0
48.69209,-101.41083,BOTTINEAU,ND,200,100
48.69888,-101.30155,BOTTINEAU,ND,200,100
48.76165,-101.23733,BOTTINEAU,ND,200,100
48.76171,-101.34853,BOTTINEAU,ND,200,100
48.76488,-101.47142,BOTTINEAU,ND,200,100
48.79417,-101.14462,BOTTINEAU,ND,200,100
48.82441,-101.38899,BOTTINEAU,ND,200,100
48.82455,-101.28243,BOTTINEAU,ND,200,100
48.87044,-101.21111,BOTTINEAU,ND,200,100
48.89060,-101.42982,BOTTINEAU,ND,200,100
48.89243,-101.30724,BOTTINEAU,ND,200,100
48.94845,-101.36723,BOTTINEAU,ND,200,100
48.96683,-101.26032,BOTTINEAU,ND,200,100
48.80853,-102.16094,BURKE,ND,800,0
48.73583,-102.20432,BURKE,ND,800,0
48.85909,-102.23793,BURKE,ND,800,0
48.93071,-102.24142,BURKE,ND,800,0
48.78947,-102.26872,BURKE,ND,800,0
48.73683,-102.32968,BURKE,ND,800,0
48.89278,-102.33267,BURKE,ND,800,0
48.61758,-102.33685,BURKE,ND,800,0
48.82077,-102.36914,BURKE,ND,800,0
48.76054,-102.43847,BURKE,ND,800,0
48.89558,-102.43948,BURKE,ND,800,0
48.61758,-102.33685,BURKE,ND,200,100
48.73583,-102.20432,BURKE,ND,200,100
48.73683,-102.32968,BURKE,ND,200,100
48.76054,-102.43847,BURKE,ND,200,100
48.78947,-102.26872,BURKE,ND,200,100
48.80853,-102.16094,BURKE,ND,200,100
48.82077,-102.36914,BURKE,ND,200,100
48.85909,-102.23793,BURKE,ND,200,100
48.89278,-102.33267,BURKE,ND,200,100
48.89558,-102.43948,BURKE,ND,200,100
48.93071,-102.24142,BURKE,ND,200,100
30.78290,-81.53464,CAMDEN,GA,200,0
30.78290,-81.53464,CAMDEN,GA,200,100
30.79754,-81.51321,CAMDEN,GA,200,0
30.79754,-81.51321,CAMDEN,GA,200,100
35.33064,-101.57161,CARSON,TX,200,0
35.33064,-101.57161,CARSON,TX,200,100
47.05094,-110.66975,CASCADE,MT,200,100
47.06165,-110.81072,CASCADE,MT,200,100
47.14805,-111.56300,CASCADE,MT,200,100
47.16238,-110.84365,CASCADE,MT,200,100
47.17873,-110.97010,CASCADE,MT,200,100
47.20310,-111.45487,CASCADE,MT,200,100
47.23419,-111.57861,CASCADE,MT,200,100
47.25740,-111.27710,CASCADE,MT,200,100
47.27727,-111.15020,CASCADE,MT,200,100
47.28188,-110.80111,CASCADE,MT,200,100
47.29796,-111.68543,CASCADE,MT,200,100
47.30400,-111.02137,CASCADE,MT,200,100
47.30590,-111.90599,CASCADE,MT,200,100
47.31263,-111.47357,CASCADE,MT,200,100
47.34120,-111.79036,CASCADE,MT,200,100
47.36341,-111.59074,CASCADE,MT,200,100
47.37252,-110.79214,CASCADE,MT,200,100
47.39158,-110.91419,CASCADE,MT,200,100
47.39375,-112.02240,CASCADE,MT,200,100
47.39653,-111.88533,CASCADE,MT,200,100
47.40869,-111.70840,CASCADE,MT,200,100
47.46235,-111.80926,CASCADE,MT,200,100
47.47830,-111.96736,CASCADE,MT,200,100
47.48313,-111.51024,CASCADE,MT,200,100
47.49607,-111.68072,CASCADE,MT,200,100
47.50909,-111.16472,CASCADE,MT,200,100
47.56594,-111.53403,CASCADE,MT,200,100
47.58199,-111.84002,CASCADE,MT,200,100
47.65528,-111.54068,CASCADE,MT,200,100
47.69724,-111.42925,CASCADE,MT,200,100
47.05094,-110.66975,CASCADE,MT,800,0
47.37252,-110.79214,CASCADE,MT,800,0
47.28188,-110.80111,CASCADE,MT,800,0
47.06165,-110.81072,CASCADE,MT,800,0
47.16238,-110.84365,CASCADE,MT,800,0
47.39158,-110.91419,CASCADE,MT,800,0
47.17873,-110.97010,CASCADE,MT,800,0
47.30400,-111.02137,CASCADE,MT,800,0
47.27727,-111.15020,CASCADE,MT,800,0
47.50909,-111.16472,CASCADE,MT,800,0
47.25740,-111.27710,CASCADE,MT,800,0
47.69724,-111.42925,CASCADE,MT,800,0
47.20310,-111.45487,CASCADE,MT,800,0
47.31263,-111.47357,CASCADE,MT,800,0
47.48313,-111.51024,CASCADE,MT,800,0
47.56594,-111.53403,CASCADE,MT,800,0
47.65528,-111.54068,CASCADE,MT,800,0
47.14805,-111.56300,CASCADE,MT,800,0
47.23419,-111.57861,CASCADE,MT,800,0
47.36341,-111.59074,CASCADE,MT,800,0
47.49607,-111.68072,CASCADE,MT,800,0
47.29796,-111.68543,CASCADE,MT,800,0
47.40869,-111.70840,CASCADE,MT,800,0
47.34120,-111.79036,CASCADE,MT,800,0
47.46235,-111.80926,CASCADE,MT,800,0
47.58199,-111.84002,CASCADE,MT,800,0
47.39653,-111.88533,CASCADE,MT,800,0
47.30590,-111.90599,CASCADE,MT,800,0
47.47830,-111.96736,CASCADE,MT,800,0
47.39375,-112.02240,CASCADE,MT,800,0
41.02071,-103.27679,CHEYENNE,NE,200,100
41.02674,-103.05827,CHEYENNE,NE,200,100
41.04048,-102.96677,CHEYENNE,NE,200,100
41.04552,-102.86571,CHEYENNE,NE,200,100
41.04655,-103.15532,CHEYENNE,NE,200,100
41.04882,-102.77428,CHEYENNE,NE,200,100
41.04889,-102.68902,CHEYENNE,NE,200,100
41.07851,-103.31677,CHEYENNE,NE,200,100
41.09018,-103.22841,CHEYENNE,NE,200,100
41.09349,-103.03093,CHEYENNE,NE,200,100
41.10062,-102.91759,CHEYENNE,NE,200,100
41.10693,-102.83178,CHEYENNE,NE,200,100
41.12154,-102.72628,CHEYENNE,NE,200,100
41.14767,-103.10930,CHEYENNE,NE,200,100
41.17730,-103.22099,CHEYENNE,NE,200,100
41.17909,-102.91461,CHEYENNE,NE,200,100
41.18591,-102.72347,CHEYENNE,NE,200,100
41.19507,-103.32241,CHEYENNE,NE,200,100
41.20809,-102.81913,CHEYENNE,NE,200,100
41.20853,-103.09644,CHEYENNE,NE,200,100
41.22370,-102.99450,CHEYENNE,NE,200,100
41.23528,-102.66879,CHEYENNE,NE,200,100
41.25049,-102.91389,CHEYENNE,NE,200,100
41.25205,-103.26188,CHEYENNE,NE,200,100
41.26618,-102.78094,CHEYENNE,NE,200,100
41.27814,-103.16847,CHEYENNE,NE,200,100
41.28826,-103.08320,CHEYENNE,NE,200,100
41.29137,-102.99716,CHEYENNE,NE,200,100
41.31049,-102.68809,CHEYENNE,NE,200,100
41.32204,-103.24300,CHEYENNE,NE,200,100
41.32366,-102.91711,CHEYENNE,NE,200,100
41.32513,-102.82936,CHEYENNE,NE,200,100
41.33732,-103.33981,CHEYENNE,NE,200,100
41.35298,-103.12875,CHEYENNE,NE,200,100
41.35338,-103.03946,CHEYENNE,NE,200,100
41.36551,-102.75160,CHEYENNE,NE,200,100
41.39409,-102.96169,CHEYENNE,NE,200,100
41.39635,-102.86963,CHEYENNE,NE,200,100
41.40191,-103.38590,CHEYENNE,NE,200,100
41.40680,-103.57257,CHEYENNE,NE,200,100
41.23528,-102.66879,CHEYENNE,NE,800,0
41.31049,-102.68809,CHEYENNE,NE,800,0
41.04889,-102.68902,CHEYENNE,NE,800,0
41.18591,-102.72347,CHEYENNE,NE,800,0
41.12154,-102.72628,CHEYENNE,NE,800,0
41.36551,-102.75160,CHEYENNE,NE,800,0
41.04882,-102.77428,CHEYENNE,NE,800,0
41.26618,-102.78094,CHEYENNE,NE,800,0
41.20809,-102.81913,CHEYENNE,NE,200,0
41.32513,-102.82936,CHEYENNE,NE,800,0
41.10693,-102.83178,CHEYENNE,NE,800,0
41.04552,-102.86571,CHEYENNE,NE,800,0
41.39635,-102.86963,CHEYENNE,NE,800,0
41.25049,-102.91389,CHEYENNE,NE,800,0
41.17909,-102.91461,CHEYENNE,NE,800,0
41.32366,-102.91711,CHEYENNE,NE,800,0
41.10062,-102.91759,CHEYENNE,NE,800,0
41.39409,-102.96169,CHEYENNE,NE,800,0
41.04048,-102.96677,CHEYENNE,NE,800,0
41.22370,-102.99450,CHEYENNE,NE,800,0
41.29137,-102.99716,CHEYENNE,NE,800,0
41.09349,-103.03093,CHEYENNE,NE,800,0
41.35338,-103.03946,CHEYENNE,NE,800,0
41.02674,-103.05827,CHEYENNE,NE,800,0
41.28826,-103.08320,CHEYENNE,NE,800,0
41.20853,-103.09644,CHEYENNE,NE,800,0
41.14767,-103.10930,CHEYENNE,NE,800,0
41.35298,-103.12875,CHEYENNE,NE,800,0
41.04655,-103.15532,CHEYENNE,NE,800,0
41.27814,-103.16847,CHEYENNE,NE,800,0
41.17730,-103.22099,CHEYENNE,NE,800,0
41.09018,-103.22841,CHEYENNE,NE,800,0
41.32204,-103.24300,CHEYENNE,NE,800,0
41.25205,-103.26188,CHEYENNE,NE,800,0
41.02071,-103.27679,CHEYENNE,NE,800,0
41.07851,-103.31677,CHEYENNE,NE,800,0
41.19507,-103.32241,CHEYENNE,NE,800,0
41.33732,-103.33981,CHEYENNE,NE,800,0
41.40191,-103.38590,CHEYENNE,NE,800,0
41.40680,-103.57257,CHEYENNE,NE,800,0
47.75176,-111.19650,CHOUTEAU,MT,200,100
47.75504,-111.31906,CHOUTEAU,MT,200,100
47.79040,-111.07123,CHOUTEAU,MT,200,100
47.82983,-111.39767,CHOUTEAU,MT,200,100
47.83496,-111.25511,CHOUTEAU,MT,200,100
47.79040,-111.07123,CHOUTEAU,MT,800,0
47.75176,-111.19650,CHOUTEAU,MT,800,0
47.83496,-111.25511,CHOUTEAU,MT,800,0
47.75504,-111.31906,CHOUTEAU,MT,800,0
47.82983,-111.39767,CHOUTEAU,MT,800,0
46.69441,-109.74106,FERGUS,MT,200,100
46.79454,-109.75278,FERGUS,MT,200,100
46.84855,-109.65410,FERGUS,MT,200,100
46.89341,-109.76245,FERGUS,MT,200,100
46.93444,-109.56949,FERGUS,MT,200,100
46.93938,-109.04152,FERGUS,MT,200,100
46.97916,-109.74176,FERGUS,MT,200,100
46.98076,-109.27050,FERGUS,MT,200,100
46.99289,-108.93452,FERGUS,MT,200,100
46.99504,-109.41121,FERGUS,MT,200,100
46.99517,-109.13327,FERGUS,MT,200,100
47.01381,-109.63075,FERGUS,MT,200,100
47.05309,-109.52043,FERGUS,MT,200,100
47.05920,-109.03214,FERGUS,MT,200,100
47.07461,-109.36501,FERGUS,MT,200,100
47.07922,-108.79569,FERGUS,MT,200,100
47.08248,-109.15046,FERGUS,MT,200,100
47.09469,-109.67018,FERGUS,MT,200,100
47.10765,-108.92021,FERGUS,MT,200,100
47.13597,-109.45410,FERGUS,MT,200,100
47.16438,-108.79609,FERGUS,MT,200,100
47.16456,-109.11187,FERGUS,MT,200,100
47.20617,-109.38783,FERGUS,MT,200,100
47.21892,-109.51700,FERGUS,MT,200,100
47.24475,-109.63700,FERGUS,MT,200,100
47.25294,-108.98397,FERGUS,MT,200,100
47.26139,-108.83347,FERGUS,MT,200,100
47.26557,-109.28897,FERGUS,MT,200,100
47.27162,-109.87407,FERGUS,MT,200,100
47.27455,-109.75064,FERGUS,MT,200,100
47.29422,-110.04440,FERGUS,MT,200,100
47.30539,-109.54772,FERGUS,MT,200,100
47.30675,-109.17426,FERGUS,MT,200,100
47.32862,-108.92736,FERGUS,MT,200,100
47.33466,-109.36108,FERGUS,MT,200,100
47.33796,-109.05359,FERGUS,MT,200,100
47.34407,-108.78906,FERGUS,MT,200,100
47.34759,-109.95681,FERGUS,MT,200,100
47.37618,-109.81476,FERGUS,MT,200,100
47.38518,-109.49012,FERGUS,MT,200,100
47.38871,-110.06660,FERGUS,MT,200,100
47.39614,-109.69044,FERGUS,MT,200,100
47.40229,-109.13806,FERGUS,MT,200,100
47.41532,-109.31129,FERGUS,MT,200,100
47.42028,-108.91134,FERGUS,MT,200,100
47.42642,-108.76297,FERGUS,MT,200,100
47.44155,-109.97337,FERGUS,MT,200,100
47.45371,-109.41735,FERGUS,MT,200,100
47.46751,-109.82642,FERGUS,MT,200,100
47.48003,-109.64085,FERGUS,MT,200,100
47.49144,-109.51579,FERGUS,MT,200,100
47.49733,-109.23153,FERGUS,MT,200,100
47.52640,-109.34590,FERGUS,MT,200,100
47.54403,-109.77099,FERGUS,MT,200,100
47.56303,-109.62671,FERGUS,MT,200,100
47.58265,-109.43946,FERGUS,MT,200,100
47.58502,-109.24642,FERGUS,MT,200,100
47.64500,-109.34195,FERGUS,MT,200,100
47.42642,-108.76297,FERGUS,MT,800,0
47.34407,-108.78906,FERGUS,MT,800,0
47.07922,-108.79569,FERGUS,MT,800,0
47.16438,-108.79609,FERGUS,MT,800,0
47.26139,-108.83347,FERGUS,MT,800,0
47.42028,-108.91134,FERGUS,MT,800,0
47.10765,-108.92021,FERGUS,MT,800,0
47.32862,-108.92736,FERGUS,MT,800,0
46.99289,-108.93452,FERGUS,MT,800,0
47.25294,-108.98397,FERGUS,MT,800,0
47.05920,-109.03214,FERGUS,MT,800,0
46.93938,-109.04152,FERGUS,MT,800,0
47.33796,-109.05359,FERGUS,MT,800,0
47.16456,-109.11187,FERGUS,MT,800,0
46.99517,-109.13327,FERGUS,MT,800,0
47.40229,-109.13806,FERGUS,MT,800,0
47.08248,-109.15046,FERGUS,MT,800,0
47.30675,-109.17426,FERGUS,MT,800,0
47.49733,-109.23153,FERGUS,MT,800,0
47.58502,-109.24642,FERGUS,MT,800,0
46.98076,-109.27050,FERGUS,MT,800,0
47.26557,-109.28897,FERGUS,MT,800,0
47.41532,-109.31129,FERGUS,MT,800,0
47.64500,-109.34195,FERGUS,MT,800,0
47.52640,-109.34590,FERGUS,MT,800,0
47.33466,-109.36108,FERGUS,MT,800,0
47.07461,-109.36501,FERGUS,MT,800,0
47.20617,-109.38783,FERGUS,MT,800,0
46.99504,-109.41121,FERGUS,MT,800,0
47.45371,-109.41735,FERGUS,MT,800,0
47.58265,-109.43946,FERGUS,MT,800,0
47.13597,-109.45410,FERGUS,MT,800,0
47.38518,-109.49012,FERGUS,MT,800,0
47.49144,-109.51579,FERGUS,MT,800,0
47.21892,-109.51700,FERGUS,MT,800,0
47.05309,-109.52043,FERGUS,MT,800,0
47.30539,-109.54772,FERGUS,MT,800,0
46.93444,-109.56949,FERGUS,MT,800,0
47.56303,-109.62671,FERGUS,MT,800,0
47.01381,-109.63075,FERGUS,MT,800,0
47.24475,-109.63700,FERGUS,MT,800,0
47.48003,-109.64085,FERGUS,MT,800,0
46.84855,-109.65410,FERGUS,MT,800,0
47.09469,-109.67018,FERGUS,MT,800,0
47.39614,-109.69044,FERGUS,MT,800,0
46.69441,-109.74106,FERGUS,MT,800,0
46.97916,-109.74176,FERGUS,MT,800,0
47.27455,-109.75064,FERGUS,MT,800,0
46.79454,-109.75278,FERGUS,MT,800,0
46.89341,-109.76245,FERGUS,MT,800,0
47.54403,-109.77099,FERGUS,MT,800,0
47.37618,-109.81476,FERGUS,MT,800,0
47.46751,-109.82642,FERGUS,MT,800,0
47.27162,-109.87407,FERGUS,MT,800,0
47.34759,-109.95681,FERGUS,MT,800,0
47.44155,-109.97337,FERGUS,MT,800,0
47.29422,-110.04440,FERGUS,MT,800,0
47.38871,-110.06660,FERGUS,MT,800,0
41.62918,-104.13205,GOSHEN,WY,200,100
41.63844,-104.05449,GOSHEN,WY,200,100
41.65925,-104.24221,GOSHEN,WY,200,100
41.63844,-104.05449,GOSHEN,WY,200,0
41.62918,-104.13205,GOSHEN,WY,800,0
41.65925,-104.24221,GOSHEN,WY,800,0
38.72553,-93.53956,JOHNSON,MO,200,100
38.72553,-93.53956,JOHNSON,MO,800,0
38.73031,-93.54786,JOHNSON,MO,200,100
38.73031,-93.54786,JOHNSON,MO,200,0
46.85158,-109.90144,JUDITH BASIN,MT,200,100
46.90657,-110.22510,JUDITH BASIN,MT,200,100
46.93851,-109.92280,JUDITH BASIN,MT,200,100
46.96217,-110.10274,JUDITH BASIN,MT,200,100
46.98107,-110.28669,JUDITH BASIN,MT,200,100
47.02621,-110.40957,JUDITH BASIN,MT,200,100
47.03620,-109.88376,JUDITH BASIN,MT,200,100
47.03970,-110.03198,JUDITH BASIN,MT,200,100
47.07589,-110.30616,JUDITH BASIN,MT,200,100
47.09563,-110.16335,JUDITH BASIN,MT,200,100
47.12587,-110.00846,JUDITH BASIN,MT,200,100
47.13404,-109.78006,JUDITH BASIN,MT,200,100
47.14954,-110.37118,JUDITH BASIN,MT,200,100
47.15934,-110.24027,JUDITH BASIN,MT,200,100
47.17216,-110.10731,JUDITH BASIN,MT,200,100
47.18227,-110.72777,JUDITH BASIN,MT,200,100
47.18633,-109.92488,JUDITH BASIN,MT,200,100
47.23137,-110.45727,JUDITH BASIN,MT,200,100
47.23435,-110.19314,JUDITH BASIN,MT,200,100
47.25436,-110.57365,JUDITH BASIN,MT,200,100
47.28525,-110.36007,JUDITH BASIN,MT,200,100
47.31173,-110.16888,JUDITH BASIN,MT,200,100
47.31792,-110.48801,JUDITH BASIN,MT,200,100
47.33998,-110.67253,JUDITH BASIN,MT,200,100
47.38314,-110.43036,JUDITH BASIN,MT,200,100
47.39570,-110.57514,JUDITH BASIN,MT,200,100
47.13404,-109.78006,JUDITH BASIN,MT,800,0
47.03620,-109.88376,JUDITH BASIN,MT,800,0
46.85158,-109.90144,JUDITH BASIN,MT,800,0
46.93851,-109.92280,JUDITH BASIN,MT,800,0
47.18633,-109.92488,JUDITH BASIN,MT,800,0
47.12587,-110.00846,JUDITH BASIN,MT,800,0
47.03970,-110.03198,JUDITH BASIN,MT,800,0
46.96217,-110.10274,JUDITH BASIN,MT,800,0
47.17216,-110.10731,JUDITH BASIN,MT,800,0
47.09563,-110.16335,JUDITH BASIN,MT,800,0
47.31173,-110.16888,JUDITH BASIN,MT,800,0
47.23435,-110.19314,JUDITH BASIN,MT,800,0
46.90657,-110.22510,JUDITH BASIN,MT,800,0
47.15934,-110.24027,JUDITH BASIN,MT,800,0
46.98107,-110.28669,JUDITH BASIN,MT,800,0
47.07589,-110.30616,JUDITH BASIN,MT,800,0
47.28525,-110.36007,JUDITH BASIN,MT,800,0
47.14954,-110.37118,JUDITH BASIN,MT,800,0
47.02621,-110.40957,JUDITH BASIN,MT,800,0
47.38314,-110.43036,JUDITH BASIN,MT,800,0
47.23137,-110.45727,JUDITH BASIN,MT,800,0
47.31792,-110.48801,JUDITH BASIN,MT,800,0
47.25436,-110.57365,JUDITH BASIN,MT,800,0
47.39570,-110.57514,JUDITH BASIN,MT,800,0
47.33998,-110.67253,JUDITH BASIN,MT,800,0
47.18227,-110.72777,JUDITH BASIN,MT,800,0
41.03381,-103.98722,KIMBALL,NE,200,100
41.03857,-103.89531,KIMBALL,NE,200,100
41.03965,-103.40279,KIMBALL,NE,200,100
41.06103,-103.70276,KIMBALL,NE,200,100
41.06115,-103.48876,KIMBALL,NE,200,100
41.06931,-103.81506,KIMBALL,NE,200,100
41.07729,-103.59581,KIMBALL,NE,200,100
41.10288,-103.98345,KIMBALL,NE,200,100
41.10389,-103.89423,KIMBALL,NE,200,100
41.10763,-103.39652,KIMBALL,NE,200,100
41.12096,-103.66469,KIMBALL,NE,200,100
41.13480,-103.76116,KIMBALL,NE,200,100
41.13672,-103.48847,KIMBALL,NE,200,100
41.17530,-103.93242,KIMBALL,NE,200,100
41.17633,-103.83948,KIMBALL,NE,200,100
41.17790,-103.41324,KIMBALL,NE,200,100
41.19095,-103.58546,KIMBALL,NE,200,100
41.21847,-103.49178,KIMBALL,NE,200,100
41.25781,-103.89404,KIMBALL,NE,200,100
41.26338,-103.58720,KIMBALL,NE,200,100
41.26678,-103.77663,KIMBALL,NE,200,100
41.27893,-103.97815,KIMBALL,NE,200,100
41.28055,-103.39482,KIMBALL,NE,200,100
41.29130,-103.47945,KIMBALL,NE,200,100
41.29506,-103.66157,KIMBALL,NE,200,100
41.32289,-103.89412,KIMBALL,NE,200,100
41.33149,-103.58479,KIMBALL,NE,200,100
41.34287,-103.98649,KIMBALL,NE,200,100
41.36165,-103.79402,KIMBALL,NE,200,100
41.36297,-103.66098,KIMBALL,NE,200,100
41.36374,-103.48886,KIMBALL,NE,200,100
41.38873,-103.89395,KIMBALL,NE,200,100
41.28055,-103.39482,KIMBALL,NE,800,0
41.10763,-103.39652,KIMBALL,NE,800,0
41.03965,-103.40279,KIMBALL,NE,800,0
41.17790,-103.41324,KIMBALL,NE,800,0
41.29130,-103.47945,KIMBALL,NE,800,0
41.13672,-103.48847,KIMBALL,NE,800,0
41.06115,-103.48876,KIMBALL,NE,800,0
41.36374,-103.48886,KIMBALL,NE,800,0
41.21847,-103.49178,KIMBALL,NE,800,0
41.33149,-103.58479,KIMBALL,NE,800,0
41.19095,-103.58546,KIMBALL,NE,800,0
41.26338,-103.58720,KIMBALL,NE,800,0
41.07729,-103.59581,KIMBALL,NE,800,0
41.36297,-103.66098,KIMBALL,NE,800,0
41.29506,-103.66157,KIMBALL,NE,800,0
41.12096,-103.66469,KIMBALL,NE,800,0
41.06103,-103.70276,KIMBALL,NE,800,0
41.13480,-103.76116,KIMBALL,NE,800,0
41.26678,-103.77663,KIMBALL,NE,800,0
41.36165,-103.79402,KIMBALL,NE,800,0
41.06931,-103.81506,KIMBALL,NE,200,0
41.17633,-103.83948,KIMBALL,NE,800,0
41.38873,-103.89395,KIMBALL,NE,800,0
41.25781,-103.89404,KIMBALL,NE,800,0
41.32289,-103.89412,KIMBALL,NE,800,0
41.10389,-103.89423,KIMBALL,NE,200,0
41.03857,-103.89531,KIMBALL,NE,800,0
41.17530,-103.93242,KIMBALL,NE,800,0
41.27893,-103.97815,KIMBALL,NE,800,0
41.10288,-103.98345,KIMBALL,NE,800,0
41.34287,-103.98649,KIMBALL,NE,800,0
41.03381,-103.98722,KIMBALL,NE,800,0
47.72499,-122.71436,KITSAP,WA,200,0
47.72499,-122.71436,KITSAP,WA,200,100
47.74292,-122.73177,KITSAP,WA,200,0
47.74292,-122.73177,KITSAP,WA,200,100
41.00370,-104.06572,LARAMIE,WY,200,100
41.07027,-104.06842,LARAMIE,WY,200,100
41.08639,-104.18389,LARAMIE,WY,200,100
41.13740,-104.06132,LARAMIE,WY,200,100
41.14179,-104.88007,LARAMIE,WY,200,100
41.17349,-104.30158,LARAMIE,WY,200,100
41.21513,-104.38945,LARAMIE,WY,200,100
41.24259,-104.25235,LARAMIE,WY,200,100
41.29002,-104.34802,LARAMIE,WY,200,100
41.30293,-104.07952,LARAMIE,WY,200,100
41.31772,-104.17512,LARAMIE,WY,200,100
41.32911,-104.26568,LARAMIE,WY,200,100
41.35990,-104.35022,LARAMIE,WY,200,100
41.38789,-104.07864,LARAMIE,WY,200,100
41.41748,-104.19508,LARAMIE,WY,200,100
41.41967,-104.28447,LARAMIE,WY,200,100
41.43933,-104.09098,LARAMIE,WY,200,100
41.50320,-104.12645,LARAMIE,WY,200,100
41.13740,-104.06132,LARAMIE,WY,800,0
41.00370,-104.06572,LARAMIE,WY,800,0
41.07027,-104.06842,LARAMIE,WY,800,0
41.38789,-104.07864,LARAMIE,WY,800,0
41.30293,-104.07952,LARAMIE,WY,800,0
41.43933,-104.09098,LARAMIE,WY,800,0
41.50320,-104.12645,LARAMIE,WY,800,0
41.31772,-104.17512,LARAMIE,WY,800,0
41.08639,-104.18389,LARAMIE,WY,800,0
41.41748,-104.19508,LARAMIE,WY,800,0
41.24259,-104.25235,LARAMIE,WY,800,0
41.32911,-104.26568,LARAMIE,WY,800,0
41.41967,-104.28447,LARAMIE,WY,800,0
41.17349,-104.30158,LARAMIE,WY,800,0
41.29002,-104.34802,LARAMIE,WY,800,0
41.35990,-104.35022,LARAMIE,WY,800,0
41.21513,-104.38945,LARAMIE,WY,800,0
41.14179,-104.88007,LARAMIE,WY,800,0
47.23113,-112.22590,LEWIS AND CLARK,MT,200,100
47.23378,-112.08827,LEWIS AND CLARK,MT,200,100
47.25301,-112.35098,LEWIS AND CLARK,MT,200,100
47.32571,-112.09187,LEWIS AND CLARK,MT,200,100
47.33669,-112.22416,LEWIS AND CLARK,MT,200,100
47.41091,-112.14452,LEWIS AND CLARK,MT,200,100
47.41856,-112.29142,LEWIS AND CLARK,MT,200,100
47.45010,-112.45038,LEWIS AND CLARK,MT,200,100
47.48981,-112.21786,LEWIS AND CLARK,MT,200,100
47.50318,-112.08662,LEWIS AND CLARK,MT,200,100
47.52926,-112.36125,LEWIS AND CLARK,MT,200,100
47.50318,-112.08662,LEWIS AND CLARK,MT,800,0
47.23378,-112.08827,LEWIS AND CLARK,MT,800,0
47.32571,-112.09187,LEWIS AND CLARK,MT,800,0
47.41091,-112.14452,LEWIS AND CLARK,MT,800,0
47.48981,-112.21786,LEWIS AND CLARK,MT,800,0
47.33669,-112.22416,LEWIS AND CLARK,MT,800,0
47.23113,-112.22590,LEWIS AND CLARK,MT,200,0
47.41856,-112.29142,LEWIS AND CLARK,MT,800,0
47.25301,-112.35098,LEWIS AND CLARK,MT,800,0
47.52926,-112.36125,LEWIS AND CLARK,MT,800,0
47.45010,-112.45038,LEWIS AND CLARK,MT,800,0
40.60915,-103.50321,LOGAN,CO,200,100
40.66765,-103.55061,LOGAN,CO,200,100
40.70313,-103.37804,LOGAN,CO,200,100
40.70445,-103.47643,LOGAN,CO,200,100
40.77911,-103.38139,LOGAN,CO,200,100
40.81955,-103.28754,LOGAN,CO,200,100
40.84658,-103.40275,LOGAN,CO,200,100
40.85132,-103.49601,LOGAN,CO,200,100
40.87129,-103.11383,LOGAN,CO,200,100
40.87757,-103.22772,LOGAN,CO,200,100
40.89234,-103.34250,LOGAN,CO,200,100
40.92778,-103.49797,LOGAN,CO,200,100
40.94313,-103.11405,LOGAN,CO,200,100
40.94992,-103.28448,LOGAN,CO,200,100
40.96092,-103.19974,LOGAN,CO,200,100
40.96322,-103.38138,LOGAN,CO,200,100
40.97144,-103.00162,LOGAN,CO,200,100
40.97990,-102.81332,LOGAN,CO,200,100
40.98078,-102.90609,LOGAN,CO,200,100
40.99397,-103.47076,LOGAN,CO,200,100
40.97990,-102.81332,LOGAN,CO,800,0
40.98078,-102.90609,LOGAN,CO,800,0
40.97144,-103.00162,LOGAN,CO,800,0
40.87129,-103.11383,LOGAN,CO,800,0
40.94313,-103.11405,LOGAN,CO,800,0
40.96092,-103.19974,LOGAN,CO,800,0
40.87757,-103.22772,LOGAN,CO,800,0
40.94992,-103.28448,LOGAN,CO,800,0
40.81955,-103.28754,LOGAN,CO,800,0
40.89234,-103.34250,LOGAN,CO,800,0
40.70313,-103.37804,LOGAN,CO,800,0
40.96322,-103.38138,LOGAN,CO,800,0
40.77911,-103.38139,LOGAN,CO,800,0
40.84658,-103.40275,LOGAN,CO,800,0
40.99397,-103.47076,LOGAN,CO,800,0
40.70445,-103.47643,LOGAN,CO,800,0
40.85132,-103.49601,LOGAN,CO,800,0
40.92778,-103.49797,LOGAN,CO,800,0
40.60915,-103.50321,LOGAN,CO,800,0
40.66765,-103.55061,LOGAN,CO,800,0
47.93698,-100.36903,MCHENRY,ND,800,0
47.87495,-100.43320,MCHENRY,ND,800,0
48.00144,-100.45416,MCHENRY,ND,800,0
47.93314,-100.48116,MCHENRY,ND,800,0
47.96710,-100.58066,MCHENRY,ND,800,0
47.89340,-100.58377,MCHENRY,ND,800,0
48.03583,-100.58894,MCHENRY,ND,800,0
48.10245,-100.62778,MCHENRY,ND,800,0
47.85042,-100.65891,MCHENRY,ND,800,0
48.00944,-100.67301,MCHENRY,ND,800,0
48.07140,-100.73567,MCHENRY,ND,800,0
47.86130,-100.79884,MCHENRY,ND,800,0
47.92710,-100.82088,MCHENRY,ND,800,0
47.99226,-100.82103,MCHENRY,ND,800,0
48.07587,-100.84067,MCHENRY,ND,800,0
47.90896,-100.92686,MCHENRY,ND,800,0
48.03939,-100.93099,MCHENRY,ND,200,0
47.85042,-100.65891,MCHENRY,ND,200,100
47.86130,-100.79884,MCHENRY,ND,200,100
47.87495,-100.43320,MCHENRY,ND,200,100
47.89340,-100.58377,MCHENRY,ND,200,100
47.90896,-100.92686,MCHENRY,ND,200,100
47.92710,-100.82088,MCHENRY,ND,200,100
47.93314,-100.48116,MCHENRY,ND,200,100
47.93698,-100.36903,MCHENRY,ND,200,100
47.96710,-100.58066,MCHENRY,ND,200,100
47.99226,-100.82103,MCHENRY,ND,200,100
48.00144,-100.45416,MCHENRY,ND,200,100
48.00944,-100.67301,MCHENRY,ND,200,100
48.03583,-100.58894,MCHENRY,ND,200,100
48.03939,-100.93099,MCHENRY,ND,200,100
48.07140,-100.73567,MCHENRY,ND,200,100
48.07587,-100.84067,MCHENRY,ND,200,100
48.10245,-100.62778,MCHENRY,ND,200,100
47.78399,-100.80165,MCLEAN,ND,800,0
47.60460,-100.87210,MCLEAN,ND,800,0
47.68118,-100.90395,MCLEAN,ND,800,0
47.75346,-100.90949,MCLEAN,ND,800,0
47.83121,-100.92692,MCLEAN,ND,800,0
47.63357,-100.97365,MCLEAN,ND,800,0
47.71451,-101.01003,MCLEAN,ND,800,0
47.81809,-101.02703,MCLEAN,ND,800,0
47.65794,-101.07653,MCLEAN,ND,800,0
47.59117,-101.07656,MCLEAN,ND,800,0
47.75881,-101.07723,MCLEAN,ND,800,0
47.70194,-101.16309,MCLEAN,ND,800,0
47.77671,-101.19176,MCLEAN,ND,800,0
47.66349,-101.28594,MCLEAN,ND,800,0
47.72899,-101.29115,MCLEAN,ND,800,0
47.79516,-101.29872,MCLEAN,ND,800,0
47.66225,-101.39525,MCLEAN,ND,800,0
47.73035,-101.42007,MCLEAN,ND,800,0
47.79259,-101.42042,MCLEAN,ND,800,0
47.64075,-101.49568,MCLEAN,ND,800,0
47.71855,-101.51924,MCLEAN,ND,800,0
47.80350,-101.52346,MCLEAN,ND,800,0
47.64805,-101.59741,MCLEAN,ND,800,0
47.75076,-101.67426,MCLEAN,ND,800,0
47.68344,-101.68122,MCLEAN,ND,800,0
47.64540,-101.76178,MCLEAN,ND,800,0
47.78778,-101.80632,MCLEAN,ND,800,0
47.68730,-101.83785,MCLEAN,ND,800,0
47.83423,-101.87989,MCLEAN,ND,800,0
47.74772,-101.88518,MCLEAN,ND,800,0
47.68942,-101.93467,MCLEAN,ND,800,0
47.59117,-101.07656,MCLEAN,ND,200,100
47.60460,-100.87210,MCLEAN,ND,200,100
47.63357,-100.97365,MCLEAN,ND,200,100
47.64075,-101.49568,MCLEAN,ND,200,100
47.64540,-101.76178,MCLEAN,ND,200,100
47.64805,-101.59741,MCLEAN,ND,200,100
47.65794,-101.07653,MCLEAN,ND,200,100
47.66225,-101.39525,MCLEAN,ND,200,100
47.66349,-101.28594,MCLEAN,ND,200,100
47.68118,-100.90395,MCLEAN,ND,200,100
47.68344,-101.68122,MCLEAN,ND,200,100
47.68730,-101.83785,MCLEAN,ND,200,100
47.68942,-101.93467,MCLEAN,ND,200,100
47.70194,-101.16309,MCLEAN,ND,200,100
47.71451,-101.01003,MCLEAN,ND,200,100
47.71855,-101.51924,MCLEAN,ND,200,100
47.72899,-101.29115,MCLEAN,ND,200,100
47.73035,-101.42007,MCLEAN,ND,200,100
47.74772,-101.88518,MCLEAN,ND,200,100
47.75076,-101.67426,MCLEAN,ND,200,100
47.75346,-100.90949,MCLEAN,ND,200,100
47.75881,-101.07723,MCLEAN,ND,200,100
47.77671,-101.19176,MCLEAN,ND,200,100
47.78399,-100.80165,MCLEAN,ND,200,100
47.78778,-101.80632,MCLEAN,ND,200,100
47.79259,-101.42042,MCLEAN,ND,200,100
47.79516,-101.29872,MCLEAN,ND,200,100
47.80350,-101.52346,MCLEAN,ND,200,100
47.81809,-101.02703,MCLEAN,ND,200,100
47.83121,-100.92692,MCLEAN,ND,200,100
47.83423,-101.87989,MCLEAN,ND,200,100
47.97927,-101.89699,MOUNTRAIL,ND,800,0
48.28589,-101.94237,MOUNTRAIL,ND,800,0
48.18343,-101.94738,MOUNTRAIL,ND,800,0
47.89203,-101.94826,MOUNTRAIL,ND,800,0
48.11980,-101.96060,MOUNTRAIL,ND,800,0
48.04338,-101.96381,MOUNTRAIL,ND,800,0
48.35462,-101.97414,MOUNTRAIL,ND,800,0
47.97651,-101.99680,MOUNTRAIL,ND,800,0
48.41973,-102.01847,MOUNTRAIL,ND,800,0
48.48738,-102.01887,MOUNTRAIL,ND,800,0
47.89004,-102.04063,MOUNTRAIL,ND,800,0
48.28917,-102.07174,MOUNTRAIL,ND,800,0
48.05454,-102.07181,MOUNTRAIL,ND,800,0
48.36040,-102.07192,MOUNTRAIL,ND,800,0
48.12301,-102.07482,MOUNTRAIL,ND,800,0
48.20011,-102.07490,MOUNTRAIL,ND,800,0
48.44762,-102.10517,MOUNTRAIL,ND,800,0
47.85357,-102.12694,MOUNTRAIL,ND,800,0
47.99341,-102.12703,MOUNTRAIL,ND,800,0
47.92239,-102.13107,MOUNTRAIL,ND,800,0
48.37140,-102.17366,MOUNTRAIL,ND,800,0
48.13793,-102.17748,MOUNTRAIL,ND,800,0
48.06031,-102.17862,MOUNTRAIL,ND,800,0
48.46676,-102.21068,MOUNTRAIL,ND,800,0
47.88864,-102.21654,MOUNTRAIL,ND,800,0
47.97452,-102.22263,MOUNTRAIL,ND,800,0
48.27237,-102.22299,MOUNTRAIL,ND,800,0
48.20165,-102.22604,MOUNTRAIL,ND,800,0
48.09650,-102.27653,MOUNTRAIL,ND,800,0
48.54490,-102.27949,MOUNTRAIL,ND,800,0
48.34502,-102.30468,MOUNTRAIL,ND,800,0
47.98033,-102.34141,MOUNTRAIL,ND,800,0
48.20778,-102.35552,MOUNTRAIL,ND,800,0
48.27939,-102.37721,MOUNTRAIL,ND,800,0
48.38428,-102.40183,MOUNTRAIL,ND,800,0
48.45736,-102.41004,MOUNTRAIL,ND,800,0
48.54441,-102.41041,MOUNTRAIL,ND,800,0
47.97636,-102.44683,MOUNTRAIL,ND,800,0
48.23281,-102.46291,MOUNTRAIL,ND,800,0
48.41712,-102.46649,MOUNTRAIL,ND,800,0
48.31132,-102.49995,MOUNTRAIL,ND,800,0
48.32571,-102.60217,MOUNTRAIL,ND,800,0
47.85357,-102.12694,MOUNTRAIL,ND,200,100
47.88864,-102.21654,MOUNTRAIL,ND,200,100
47.89004,-102.04063,MOUNTRAIL,ND,200,100
47.89203,-101.94826,MOUNTRAIL,ND,200,100
47.92239,-102.13107,MOUNTRAIL,ND,200,100
47.97452,-102.22263,MOUNTRAIL,ND,200,100
47.97636,-102.44683,MOUNTRAIL,ND,200,100
47.97651,-101.99680,MOUNTRAIL,ND,200,100
47.97927,-101.89699,MOUNTRAIL,ND,200,100
47.98033,-102.34141,MOUNTRAIL,ND,200,100
47.99341,-102.12703,MOUNTRAIL,ND,200,100
48.04338,-101.96381,MOUNTRAIL,ND,200,100
48.05454,-102.07181,MOUNTRAIL,ND,200,100
48.06031,-102.17862,MOUNTRAIL,ND,200,100
48.09650,-102.27653,MOUNTRAIL,ND,200,100
48.11980,-101.96060,MOUNTRAIL,ND,200,100
48.12301,-102.07482,MOUNTRAIL,ND,200,100
48.13793,-102.17748,MOUNTRAIL,ND,200,100
48.18343,-101.94738,MOUNTRAIL,ND,200,100
48.20011,-102.07490,MOUNTRAIL,ND,200,100
48.20165,-102.22604,MOUNTRAIL,ND,200,100
48.20778,-102.35552,MOUNTRAIL,ND,200,100
48.23281,-102.46291,MOUNTRAIL,ND,200,100
48.27237,-102.22299,MOUNTRAIL,ND,200,100
48.27939,-102.37721,MOUNTRAIL,ND,200,100
48.28589,-101.94237,MOUNTRAIL,ND,200,100
48.28917,-102.07174,MOUNTRAIL,ND,200,100
48.31132,-102.49995,MOUNTRAIL,ND,200,100
48.32571,-102.60217,MOUNTRAIL,ND,200,100
48.34502,-102.30468,MOUNTRAIL,ND,200,100
48.35462,-101.97414,MOUNTRAIL,ND,200,100
48.36040,-102.07192,MOUNTRAIL,ND,200,100
48.37140,-102.17366,MOUNTRAIL,ND,200,100
48.38428,-102.40183,MOUNTRAIL,ND,200,100
48.41712,-102.46649,MOUNTRAIL,ND,200,100
48.41973,-102.01847,MOUNTRAIL,ND,200,100
48.44762,-102.10517,MOUNTRAIL,ND,200,100
48.45736,-102.41004,MOUNTRAIL,ND,200,100
48.46676,-102.21068,MOUNTRAIL,ND,200,100
48.48738,-102.01887,MOUNTRAIL,ND,200,100
48.54441,-102.41041,MOUNTRAIL,ND,200,100
48.54490,-102.27949,MOUNTRAIL,ND,200,100
48.70297,-101.51842,RENVILLE,ND,800,0
48.82696,-101.52010,RENVILLE,ND,800,0
48.88868,-101.56429,RENVILLE,ND,800,0
48.75960,-101.59208,RENVILLE,ND,800,0
48.62221,-101.60213,RENVILLE,ND,800,0
48.82555,-101.63009,RENVILLE,ND,800,0
48.69202,-101.63097,RENVILLE,ND,800,0
48.76495,-101.71040,RENVILLE,ND,800,0
48.57734,-101.71075,RENVILLE,ND,800,0
48.64965,-101.71371,RENVILLE,ND,800,0
48.50392,-101.74079,RENVILLE,ND,800,0
48.81872,-101.77937,RENVILLE,ND,800,0
48.61993,-101.81270,RENVILLE,ND,800,0
48.74507,-101.82631,RENVILLE,ND,800,0
48.80570,-101.91370,RENVILLE,ND,800,0
48.74597,-101.97619,RENVILLE,ND,800,0
48.50392,-101.74079,RENVILLE,ND,200,100
48.57734,-101.71075,RENVILLE,ND,200,100
48.61993,-101.81270,RENVILLE,ND,200,100
48.62221,-101.60213,RENVILLE,ND,200,100
48.64965,-101.71371,RENVILLE,ND,200,100
48.69202,-101.63097,RENVILLE,ND,200,100
48.70297,-101.51842,RENVILLE,ND,200,100
48.74507,-101.82631,RENVILLE,ND,200,100
48.74597,-101.97619,RENVILLE,ND,200,100
48.75960,-101.59208,RENVILLE,ND,200,100
48.76495,-101.71040,RENVILLE,ND,200,100
48.80570,-101.91370,RENVILLE,ND,200,100
48.81872,-101.77937,RENVILLE,ND,200,100
48.82555,-101.63009,RENVILLE,ND,200,100
48.82696,-101.52010,RENVILLE,ND,200,100
48.88868,-101.56429,RENVILLE,ND,200,100
47.83421,-100.51613,SHERIDAN,ND,800,0
47.83421,-100.51613,SHERIDAN,ND,200,100
47.58319,-112.14632,TETON,MT,200,100
47.60482,-112.31036,TETON,MT,200,100
47.60524,-112.02854,TETON,MT,200,100
47.61917,-111.67598,TETON,MT,200,100
47.64752,-112.42743,TETON,MT,200,100
47.67893,-112.23436,TETON,MT,200,100
47.69676,-111.94252,TETON,MT,200,100
47.71152,-111.78709,TETON,MT,200,100
47.71416,-111.65804,TETON,MT,200,100
47.73905,-112.51275,TETON,MT,200,100
47.74104,-112.13422,TETON,MT,200,100
47.74247,-112.36630,TETON,MT,200,100
47.75199,-111.54633,TETON,MT,200,100
47.78181,-111.98931,TETON,MT,200,100
47.79496,-112.23325,TETON,MT,200,100
47.79569,-111.77641,TETON,MT,200,100
47.81467,-111.64622,TETON,MT,200,100
47.82180,-112.46766,TETON,MT,200,100
47.84176,-111.52258,TETON,MT,200,100
47.84176,-111.52258,TETON,MT,800,0
47.75199,-111.54633,TETON,MT,800,0
47.81467,-111.64622,TETON,MT,800,0
47.71416,-111.65804,TETON,MT,800,0
47.61917,-111.67598,TETON,MT,800,0
47.79569,-111.77641,TETON,MT,200,0
47.71152,-111.78709,TETON,MT,800,0
47.69676,-111.94252,TETON,MT,800,0
47.78181,-111.98931,TETON,MT,800,0
47.60524,-112.02854,TETON,MT,800,0
47.74104,-112.13422,TETON,MT,800,0
47.58319,-112.14632,TETON,MT,800,0
47.79496,-112.23325,TETON,MT,800,0
47.67893,-112.23436,TETON,MT,800,0
47.60482,-112.31036,TETON,MT,800,0
47.74247,-112.36630,TETON,MT,800,0
47.64752,-112.42743,TETON,MT,800,0
47.82180,-112.46766,TETON,MT,800,0
47.73905,-112.51275,TETON,MT,800,0
48.67299,48.67299,WARD,ND,800,0
47.97949,-100.98044,WARD,ND,800,0
47.95085,-101.07360,WARD,ND,800,0
47.88710,-101.08113,WARD,ND,800,0
47.87413,-101.20910,WARD,ND,200,0
47.91534,-101.29649,WARD,ND,800,0
48.40985,-101.31077,WARD,ND,800,0
47.86422,-101.35019,WARD,ND,800,0
48.41577,-101.35804,WARD,ND,800,0
47.86119,-101.46384,WARD,ND,800,0
47.92181,-101.52179,WARD,ND,800,0
47.97974,-101.57654,WARD,ND,800,0
47.86108,-101.58643,WARD,ND,800,0
47.89619,-101.67418,WARD,ND,800,0
47.96545,-101.67705,WARD,ND,800,0
48.38929,-101.73241,WARD,ND,800,0
48.05310,-101.74305,WARD,ND,800,0
47.86112,-101.76184,WARD,ND,800,0
48.32578,-101.76971,WARD,ND,800,0
47.97655,-101.79237,WARD,ND,800,0
48.45559,-101.81986,WARD,ND,800,0
48.54962,-101.84436,WARD,ND,800,0
47.91885,-101.84479,WARD,ND,800,0
48.05117,-101.85494,WARD,ND,800,0
48.11934,-101.85907,WARD,ND,800,0
48.34775,-101.87638,WARD,ND,800,0
48.41230,-101.89149,WARD,ND,800,0
48.49193,-101.90657,WARD,ND,800,0
48.61978,-101.94884,WARD,ND,800,0
48.67774,-102.01296,WARD,ND,200,0
48.55846,-102.01517,WARD,ND,200,0
48.76231,-102.07508,WARD,ND,800,0
48.61969,-102.10690,WARD,ND,800,0
48.55067,-102.12041,WARD,ND,800,0
48.69222,-102.12352,WARD,ND,200,0
48.61771,-102.20926,WARD,ND,800,0
47.86108,-101.58643,WARD,ND,200,100
47.86112,-101.76184,WARD,ND,200,100
47.86119,-101.46384,WARD,ND,200,100
47.86422,-101.35019,WARD,ND,200,100
47.87413,-101.20910,WARD,ND,200,100
47.88710,-101.08113,WARD,ND,200,100
47.89619,-101.67418,WARD,ND,200,100
47.91534,-101.29649,WARD,ND,200,100
47.91885,-101.84479,WARD,ND,200,100
47.92181,-101.52179,WARD,ND,200,100
47.95085,-101.07360,WARD,ND,200,100
47.96545,-101.67705,WARD,ND,200,100
47.97655,-101.79237,WARD,ND,200,100
47.97949,-100.98044,WARD,ND,200,100
47.97974,-101.57654,WARD,ND,200,100
48.05117,-101.85494,WARD,ND,200,100
48.05310,-101.74305,WARD,ND,200,100
48.11934,-101.85907,WARD,ND,200,100
48.32578,-101.76971,WARD,ND,200,100
48.34775,-101.87638,WARD,ND,200,100
48.38929,-101.73241,WARD,ND,200,100
48.40985,-101.31077,WARD,ND,200,100
48.41230,-101.89149,WARD,ND,200,100
48.41577,-101.35804,WARD,ND,200,100
48.45559,-101.81986,WARD,ND,200,100
48.49193,-101.90657,WARD,ND,200,100
48.54962,-101.84436,WARD,ND,200,100
48.55067,-102.12041,WARD,ND,200,100
48.55846,-102.01517,WARD,ND,200,100
48.61771,-102.20926,WARD,ND,200,100
48.61969,-102.10690,WARD,ND,200,100
48.61978,-101.94884,WARD,ND,200,100
48.67299,48.67299,WARD,ND,200,100
48.67774,-102.01296,WARD,ND,200,100
48.69222,-102.12352,WARD,ND,200,100
48.76231,-102.07508,WARD,ND,200,100
40.56191,-103.97297,WELD,CO,200,100
40.58988,-103.89631,WELD,CO,200,100
40.60931,-103.59416,WELD,CO,200,100
40.61206,-103.76230,WELD,CO,200,100
40.62392,-103.99316,WELD,CO,200,100
40.63162,-103.83656,WELD,CO,200,100
40.64156,-103.67476,WELD,CO,200,100
40.67975,-104.05895,WELD,CO,200,100
40.69613,-103.97333,WELD,CO,200,100
40.69906,-103.85463,WELD,CO,200,100
40.71650,-103.77071,WELD,CO,200,100
40.71668,-103.68669,WELD,CO,200,100
40.74421,-104.02772,WELD,CO,200,100
40.74648,-103.61292,WELD,CO,200,100
40.78309,-103.51564,WELD,CO,200,100
40.78394,-103.85909,WELD,CO,200,100
40.78800,-103.97215,WELD,CO,200,100
40.79053,-103.68980,WELD,CO,200,100
40.80945,-103.61237,WELD,CO,200,100
40.82221,-104.05072,WELD,CO,200,100
40.84148,-103.80508,WELD,CO,200,100
40.85549,-103.68745,WELD,CO,200,100
40.86971,-104.10751,WELD,CO,200,100
40.88493,-104.00034,WELD,CO,200,100
40.89200,-103.57491,WELD,CO,200,100
40.89374,-103.87734,WELD,CO,200,100
40.91666,-103.78367,WELD,CO,200,100
40.92166,-103.69184,WELD,CO,200,100
40.92850,-104.06651,WELD,CO,200,100
40.96106,-103.97453,WELD,CO,200,100
40.96484,-103.87467,WELD,CO,200,100
40.99270,-103.68596,WELD,CO,200,100
40.99894,-103.59398,WELD,CO,200,100
40.99924,-103.78188,WELD,CO,200,100
40.78309,-103.51564,WELD,CO,800,0
40.89200,-103.57491,WELD,CO,800,0
40.99894,-103.59398,WELD,CO,800,0
40.60931,-103.59416,WELD,CO,800,0
40.80945,-103.61237,WELD,CO,800,0
40.74648,-103.61292,WELD,CO,800,0
40.64156,-103.67476,WELD,CO,800,0
40.99270,-103.68596,WELD,CO,800,0
40.71668,-103.68669,WELD,CO,800,0
40.85549,-103.68745,WELD,CO,800,0
40.79053,-103.68980,WELD,CO,800,0
40.92166,-103.69184,WELD,CO,200,0
40.61206,-103.76230,WELD,CO,800,0
40.71650,-103.77071,WELD,CO,200,0
40.99924,-103.78188,WELD,CO,800,0
40.91666,-103.78367,WELD,CO,800,0
40.84148,-103.80508,WELD,CO,800,0
40.63162,-103.83656,WELD,CO,800,0
40.69906,-103.85463,WELD,CO,800,0
40.78394,-103.85909,WELD,CO,800,0
40.96484,-103.87467,WELD,CO,800,0
40.89374,-103.87734,WELD,CO,800,0
40.58988,-103.89631,WELD,CO,800,0
40.78800,-103.97215,WELD,CO,800,0
40.56191,-103.97297,WELD,CO,800,0
40.69613,-103.97333,WELD,CO,800,0
40.96106,-103.97453,WELD,CO,800,0
40.62392,-103.99316,WELD,CO,800,0
40.88493,-104.00034,WELD,CO,800,0
40.74421,-104.02772,WELD,CO,800,0
40.82221,-104.05072,WELD,CO,800,0
40.67975,-104.05895,WELD,CO,800,0
40.92850,-104.06651,WELD,CO,800,0
40.86971,-104.10751,WELD,CO,800,0
46.30245,-109.52921,WHEATLAND,MT,200,100
46.37117,-109.86186,WHEATLAND,MT,200,100
46.39553,-109.52667,WHEATLAND,MT,200,100
46.41198,-109.68971,WHEATLAND,MT,200,100
46.44550,-109.80146,WHEATLAND,MT,200,100
46.47478,-109.48525,WHEATLAND,MT,200,100
46.49080,-109.99647,WHEATLAND,MT,200,100
46.49685,-109.62071,WHEATLAND,MT,200,100
46.52564,-109.76245,WHEATLAND,MT,200,100
46.53316,-109.89146,WHEATLAND,MT,200,100
46.56210,-109.51336,WHEATLAND,MT,200,100
46.58662,-109.63923,WHEATLAND,MT,200,100
46.59973,-109.97628,WHEATLAND,MT,200,100
46.60863,-109.76200,WHEATLAND,MT,200,100
46.64930,-109.50223,WHEATLAND,MT,200,100
46.67006,-109.62164,WHEATLAND,MT,200,100
46.67954,-109.87103,WHEATLAND,MT,200,100
46.47478,-109.48525,WHEATLAND,MT,800,0
46.64930,-109.50223,WHEATLAND,MT,800,0
46.56210,-109.51336,WHEATLAND,MT,800,0
46.39553,-109.52667,WHEATLAND,MT,800,0
46.30245,-109.52921,WHEATLAND,MT,800,0
46.49685,-109.62071,WHEATLAND,MT,800,0
46.67006,-109.62164,WHEATLAND,MT,800,0
46.58662,-109.63923,WHEATLAND,MT,800,0
46.41198,-109.68971,WHEATLAND,MT,800,0
46.60863,-109.76200,WHEATLAND,MT,800,0
46.52564,-109.76245,WHEATLAND,MT,800,0
46.44550,-109.80146,WHEATLAND,MT,800,0
46.37117,-109.86186,WHEATLAND,MT,800,0
46.67954,-109.87103,WHEATLAND,MT,800,0
46.53316,-109.89146,WHEATLAND,MT,800,0
46.59973,-109.97628,WHEATLAND,MT,800,0
46.49080,-109.99647,WHEATLAND,MT,800,0